,Unnamed: 0,id,title,title_original,genres,director,keywords,cast,genre_empty
0,0,44,500 dias juntos,(500) Days of Summer,"['Comedia', 'Drama', 'Romance']",['Marc Webb'],"['date', 'jealousy', 'fight', 'architect', 'gallery', 'interview', 'sister', 'love', 'friends', 'fate', 'los angeles', 'summer', 'year', 'heartache']","['Joseph Gordon-Levitt', 'Zooey Deschanel', 'Chloë Grace Moretz', 'Geoffrey Arend', 'Matthew Gray Gubler']",31
7,7,761,12 trampas,12 Rounds,"['Acción', 'Suspense', 'Crimen']",['Renny Harlin'],"['police', 'cops', 'cat and mouse', 'family', 'revenge drama']","['John Cena', 'Aidan Gillen', 'Ashley Scott', 'Steve Harris', 'Brian J. White']",32
8,8,763,12 balas,12 Rounds 3: Lockdown,"['Acción', 'Suspense', 'Crimen']",['Stephen Reynolds'],"['cat and mouse', 'family', 'revenge drama']","['Jonathan Good', 'Roger Cross', 'Daniel Cudmore', 'Lochlyn Munro', 'Ty Olsson']",32
9,9,768,12 años de esclavitud,12 Years a Slave,"['Drama', 'Historia']",['Steve McQueen'],"['slavery', 'violin player', 'physical abuse', 'black slave', 'american history', 'slave owner', '19th century', 'sold into slavery', 'abolitionist', 'abuse of power']","['Chiwetel Ejiofor', 'Michael Fassbender', ""Lupita Nyong'o"", 'Benedict Cumberbatch', 'Paul Dano']",21
10,10,777,127 horas,127 Hours,"['Aventura', 'Drama', 'Suspense']",['Danny Boyle'],"['mountain', 'despair', 'adventure', 'utah', 'alone', 'canyon', 'climbing', 'based on a true story', 'rescue', 'survival', 'escape', 'true', 'trapped', 'boulder', 'adventurer', 'flashback', 'climber', 'isolated', 'hikers', 'very little dialogue']","['James Franco', 'Kate Mara', 'Amber Tamblyn', 'Clémence Poésy', 'Lizzy Caplan']",33
11,11,841,16 calles,16 Blocks,"['Acción', 'Aventura', 'Crimen', 'Suspense']",['Richard Donner'],"['mission of murder', 'male bonding', 'doing the right thing', 'people change']","['Bruce Willis', 'Yasiin Bey', 'David Morse', 'Jenna Stern', 'David Zayas']",44
14,14,1183,2 Fast 2 Furious: A todo gas 2,2 Fast 2 Furious,"['Acción', 'Crimen', 'Suspense']",['John Singleton'],"['miami', 'car race', 'sports car', 'los angeles', 'car', 'automobile racing']","['Paul Walker', 'Tyrese Gibson', 'Eva Mendes', 'Cole Hauser', 'Ludacris']",32
18,18,1453,Noche de marcha,21 & Over,['Comedia'],"['Scott Moore', 'Jon Lucas']","['alcohol', 'birthday', 'party', 'friends', 'debauchery']","['Miles Teller', 'Skylar Astin', 'Justin Chon', 'Sarah Wright', 'Jonathan Keltz']",11
20,20,1558,3 Day Test,3 Day Test,"['Familia', 'Comedia']",[],['christmas'],[],22
54,54,4893,Todo o nada,All or Nothing,"['Comedia', 'Drama']",['Mike Leigh'],"['taxi driver', 'working class', 'nursing home']","['James Corden', 'Timothy Spall', 'Ruth Sheen', 'Lesley Manville', 'Sally Hawkins']",20
55,55,5023,Y entonces llegó ella,Along Came Polly,"['Comedia', 'Romance']",['John Hamburg'],"['beach', 'honeymoon', 'bride', 'chance', 'risk', 'relation', 'long island', 'romantic comedy', 'scuba diving', 'unfaithfulness', 'los angeles', 'art gallery', 'dance class', 'opposites attract', 'caribbean', 'commitment', 'dance club', 'neurotic', 'bagpipes', 'chance encounter', 'insurance risk manager']","['Ben Stiller', 'Jennifer Aniston', 'Philip Seymour Hoffman', 'Debra Messing', 'Alec Baldwin']",22
58,58,5038,Alpha Dog,Alpha Dog,"['Crimen', 'Drama']",['Nick Cassavetes'],"['sex', 'kidnapping', 'hostage drama', 'swimming pool', 'drugs']","['Bruce Willis', 'Matthew Barry', 'Emile Hirsch', 'Justin Timberlake', 'Fernando Vargas']",19
59,59,5096,Alvin y las ardillas: Fiesta sobre ruedas,Alvin and the Chipmunks: The Road Chip,"['Aventura', 'Animación', 'Comedia', 'Familia']",['Walt Becker'],"['adventure', 'chipmunk', 'cgi', 'anthropomorphism', 'aftercreditsstinger', 'duringcreditsstinger']","['Jason Lee', 'Justin Long', 'Bella Thorne', 'Matthew Gray Gubler', 'Jesse McCartney']",47
60,60,5097,Alvin y las ardillas 2,Alvin and the Chipmunks: The Squeakquel,"['Comedia', 'Familia', 'Animación', 'Fantasía', 'Música']",['Betty Thomas'],"['chipmunk', 'cgi', 'based on tv series', 'aftercreditsstinger', 'duringcreditsstinger', 'woman director']","['Zachary Levi', 'David Cross', 'Jason Lee', 'Justin Long', 'Matthew Gray Gubler']",57
63,63,5303,Amén.,Amen.,"['Drama', 'Historia']",['Costa-Gavras'],"['vatican', 'pope', 'concentration camp', 'holocaust', 'schutzstaffel', 'nazi', 'nazi germany', 'doctor', 'conscience', 'catholicism', 'euthanasia']","['Ulrich Tukur', 'Mathieu Kassovitz', 'Ulrich Mühe', 'Michel Duchaussoy', 'Marcel Iureș']",21
64,64,5353,American Beauty,American Beauty,['Drama'],['Sam Mendes'],"['adultery', 'movie business', 'parent child relationship', 'midlife crisis', 'coming out', 'first time', 'camcorder', 'virgin', 'estate agent', 'cheerleader', 'rose', 'satire', 'loneliness', 'dark comedy', 'suburbia', 'coming of age', 'marijuana', 'exercise', 'extramarital affair', 'quitting a job', 'bittersweet', 'retired army man', 'affair', 'closeted homosexual']","['Kevin Spacey', 'Annette Bening', 'Thora Birch', 'Wes Bentley', 'Mena Suvari']",9
65,65,5374,American Gigolo,American Gigolo,"['Crimen', 'Drama', 'Romance', 'Suspense']",['Paul Schrader'],"['detective', 'suspicion of murder', 'gigolo', 'callboy', 'murder', 'cheating wife', 'los angeles']","['Richard Gere', 'Lauren Hutton', 'Héctor Elizondo', 'K Callan', 'Carole Cook']",42
75,75,6218,Anna Karenina,Anna Karenina,"['Drama', 'Romance']",['Joe Wright'],"['based on novel or book', 'st. petersburg russia', 'death', 'high society', 'imperial russia', '19th century']","['Keira Knightley', 'Jude Law', 'Aaron Taylor-Johnson', 'Kelly Macdonald', 'Matthew Macfadyen']",20
106,106,8529,Battleship,Battleship,"['Suspense', 'Acción', 'Aventura', 'Ciencia ficción']",['Peter Berg'],"['fight', 'u.s. navy', 'mind reading', 'hong kong', 'soccer', 'scientist', 'fictional war', 'naval', 'armada', 'battleship', 'naval combat', 'jds myoko', 'lost communication', 'taser', 'buoy', 'communications expert', 'joint chiefs of staff', 'crash landing', 'jet fighter pilot', 'navy lieutenant', 'permission to marry', 'uss john paul jones', 'based on game', 'aftercreditsstinger', 'mighty mo', 'uss missouri']","['Taylor Kitsch', 'Alexander Skarsgård', 'Rihanna', 'Brooklyn Decker', 'Tadanobu Asano']",53
107,107,8623,Beavis y Butt-Head recorren America,Beavis and Butt-Head Do America,"['Animación', 'Comedia']",['Mike Judge'],"['washington d.c.', 'casino', 'hotel', 'sun', 'television', 'sperm', 'based on tv series', 'las vegas', 'swat team', 'adult animation', 'road movie']","['Mike Judge', 'Bruce Willis', 'Demi Moore', 'Robert Stack', 'Richard Linklater']",24
108,108,8672,Más allá de los sueños,Bedtime Stories,"['Fantasía', 'Comedia', 'Familia', 'Romance']",['Adam Shankman'],"['wishes come true', 'escapade', 'disorder', 'imaginary', 'miraculous event', 'imaginary kingdom', 'life turned upside down', 'nothing goes right']","['Adam Sandler', 'Keri Russell', 'Guy Pearce', 'Courteney Cox', 'Lucy Lawless']",45
109,109,8941,Berberian Sound Studio,Berberian Sound Studio,"['Terror', 'Drama', 'Suspense']",['Peter Strickland'],"['italy', 'movie business', '1970s', 'sound production']","['Toby Jones', 'Tonia Sotiropoulou', 'Susanna Capellaro', 'Cosimo Fusco', 'Hilda Péter']",31
110,110,9074,La fórmula de la felicidad,Better Living Through Chemistry,"['Drama', 'Comedia']","['Geoff Moore', 'David Posamentier']","['pharmacist', 'dark comedy', 'trophy wife']","['Olivia Wilde', 'Michelle Monaghan', 'Sam Rockwell', 'Ray Liotta', 'Jane Fonda']",20
112,112,9105,Beware the Gonzo,Beware the Gonzo,['Comedia'],['Bryan Goluboff'],"['rape', 'journalist', 'misfit', 'coming of age', 'loss of virginity', 'threesome', 'teenage sexuality', 'school newspaper']","['Zoë Kravitz', 'Ezra Miller', 'Ming-Na Wen', 'Campbell Scott', 'Amy Sedaris']",11
113,113,9164,Cruce de destinos,Bhowani Junction,"['Drama', 'Aventura', 'Romance']",['George Cukor'],"['based on novel or book', 'train', 'india', 'british raj']","['Ava Gardner', 'Stewart Granger', 'Bill Travers', 'Abraham Sofaer', 'Francis Matthews']",32
114,114,9239,Big Eyes,Big Eyes,['Drama'],[],[],[],9
163,163,14048,Confesiones de una compradora compulsiva,Confessions of a Shopaholic,"['Comedia', 'Romance']",['P.J. Hogan'],"['new york', 'based on novel or book', 'shop', 'department store', 'shopping mall', 'addiction', 'liar', 'romantic comedy', 'financial journalist', 'duringcreditsstinger']","['Isla Fisher', 'Hugh Dancy', 'Krysten Ritter', 'Joan Cusack', 'John Goodman']",22
164,164,14163,Contraband,Contraband,"['Suspense', 'Acción', 'Drama', 'Crimen']",['Baltasar Kormákur'],"['head wound', 'criminal', 'security guard', 'contraband']","['Mark Wahlberg', 'Kate Beckinsale', 'Ben Foster', 'Giovanni Ribisi', 'J.K. Simmons']",41
165,165,14265,Los mundos de Coraline,Coraline,"['Animación', 'Familia']",['Henry Selick'],"['dream', 'eye', 'stop motion', 'stuffed animal', 'parallel world', 'button', 'new home', 'secret door', 'aftercreditsstinger', 'duringcreditsstinger', '3d']","['Dakota Fanning', 'Teri Hatcher', 'Jennifer Saunders', 'Dawn French', 'Keith David']",24
166,166,14269,Corazón de león,Corazón de León,"['Comedia', 'Romance', 'Drama']",['Marcos Carnevale'],[],"['Julieta Díaz', 'Guillermo Francella', 'Jorgelina Aruzzi', 'Nicolás Francella', 'Mauricio Dayub']",31
168,168,14549,Creepshow,Creepshow,"['Terror', 'Comedia', 'Fantasía']",['George A. Romero'],"['monster', 'halloween', 'meteor', 'buried alive', 'cockroach', 'anthology', 'based on comic', 'gore', 'animated sequence', 'zombie', 'living dead', 'horror anthology']","['Hal Holbrook', 'Adrienne Barbeau', 'Fritz Weaver', 'Leslie Nielsen', 'Carrie Nye']",33
177,177,15005,Jorge el curioso,Curious George,"['Aventura', 'Animación', 'Comedia', 'Familia']","[""Matthew O'Callaghan""]","['museum', 'product placement', 'balloon', 'jungle', 'monkey', 'family', 'prediction', 'cargo ship', 'curiosity']","['Will Ferrell', 'Drew Barrymore', 'David Cross', 'Eugene Levy', 'Dick Van Dyke']",47
179,179,15015,La maldición de Chucky,Curse of Chucky,"['Terror', 'Suspense']",['Don Mancini'],"['wheelchair', 'horror', 'killer doll', 'escape', 'doll', 'toy comes to life', 'chucky']","['Brad Dourif', 'Brennan Elliott', 'A Martinez', 'Danielle Bisutti', 'Fiona Dourif']",22
207,207,16835,La historia interminable,The Neverending Story,"['Drama', 'Familia', 'Fantasía', 'Aventura', 'Ciencia ficción']",['Wolfgang Petersen'],"['based on novel or book', 'fictional place', 'wolf', 'mythology', 'magic', 'horse', 'book', 'fairy tale', 'bully', 'school', 'anthropomorphism', 'reading', 'book store', 'fantasy world', 'giant', 'gnome', 'quest', 'based on young adult novel']","['Barret Oliver', 'Gerald McRaney', 'Noah Hathaway', 'Drum Garrett', 'Darryl Cooksey']",63
208,208,16837,Las hermanas vampiresas,Die Vampirschwestern,"['Familia', 'Fantasía']",['Wolfgang Groos'],"['vampire', 'transalvania']","['Marta Martin', 'Stipe Erceg', 'Laura Roge', 'Jamie Bick', 'Christiane Paul']",23
209,209,16968,Dirty Dancing,Dirty Dancing,"['Drama', 'Música', 'Romance']",['Emile Ardolino'],"['dancing', 'sibling relationship', 'sex', 'hotel', 'robbery', 'dancing master', 'mambo', 'dance performance', 'daughter', 'summer camp', 'secret love', 'teenage crush', 'doctor', 'class differences', 'youth', 'family holiday', 'sensuality', 'unwanted pregnancy', 'summer romance', 'abortion', 'catskill resort']","['Jennifer Grey', 'Patrick Swayze', 'Jerry Orbach', 'Cynthia Rhodes', 'Jack Weston']",30
210,210,17074,Disturbia,Disturbia,"['Suspense', 'Drama', 'Misterio']",['D.J. Caruso'],"['kidnapping', 'young people']","['Shia LaBeouf', 'Sarah Roemer', 'Carrie-Anne Moss', 'David Morse', 'Aaron Yoo']",33
211,211,17232,Una joya de perro,Dog Gone,"['Comedia', 'Familia']",['Mark Stouffer'],"['caper', 'dog']","['Luke Benward', 'French Stewart', 'Kelly Perine', 'Kevin Farley', 'Brittany Curran']",22
212,212,17286,La gran aventura de Winter el delfín,Dolphin Tale,"['Drama', 'Familia']",['Charles Martin Smith'],"['dolphin', 'boy', 'trap', 'summer', 'tail']","['Morgan Freeman', 'Ashley Judd', 'Harry Connick Jr.', 'Nathan Gamble', 'Kris Kristofferson']",20
213,213,17428,Donnie Darko,Donnie Darko,"['Fantasía', 'Drama', 'Misterio']",['Richard Kelly'],"['parent child relationship', 'airplane', 'time travel', 'school presentation', 'loss', 'school performance', 'suburbia', 'vision', 'morality', 'psychological thriller', 'teenager', 'cult film', '1980s']","['Jake Gyllenhaal', 'Jena Malone', 'Patrick Swayze', 'Maggie Gyllenhaal', 'Drew Barrymore']",33
216,216,17716,Drama,Drama,['Drama'],['Matias Lira'],[],"['Eusebio Arenas', 'Diego Ruiz', 'Isidora Urrejola', 'Jaime McManus', 'Eduardo Paxeco']",9
253,253,20543,Fuga de Alcatraz,Escape from Alcatraz,"['Crimen', 'Drama']",['Don Siegel'],"['prison', 'based on novel or book', 'island', 'mouse', 'alcatraz', 'biography', 'prison warden', 'escapee convict', 'pubic hair', 'escape from prison', 'dummy', 'inmate', 'nude fight', '1960s']","['Clint Eastwood', 'Patrick McGoohan', 'Roberts Blossom', 'Jack Thibeau', 'Fred Ward']",19
254,254,20691,Esperando al Mesías,Esperando al Mesías,"['Drama', 'Romance']",['Daniel Burman'],[],"['Daniel Hendler', 'Enrique Piñeyro', 'Héctor Alterio', 'Melina Petriella', 'Stefania Sandrelli']",20
259,259,21166,Exodus: Dioses y reyes,Exodus: Gods and Kings,"['Aventura', 'Drama', 'Acción']",['Ridley Scott'],"['moses', 'bible', 'racism', 'slave', 'ancient egypt', '3d', 'ramses']","['Christian Bale', 'Joel Edgerton', 'John Turturro', 'Aaron Paul', 'Ben Mendelsohn']",31
262,262,21283,"Tan fuerte, tan cerca",Extremely Loud & Incredibly Close,['Drama'],['Stephen Daldry'],"['based on novel or book', 'autism', 'key', 'scavenger hunt', 'death of father', 'young boy', 'new york city', 'tambourine', 'lock', 'grieving', 'post 9/11']","['Thomas Horn', 'Tom Hanks', 'Sandra Bullock', 'Max von Sydow', 'John Goodman']",9
264,264,21623,Fast & Furious: Aún más rápido,Fast & Furious,"['Acción', 'Crimen', 'Drama', 'Suspense']",['Justin Lin'],"['sibling relationship', 'gambling', 'ex-lover', 'fast', 'cops', 'street race', 'car crash', 'fast cars', 'car', 'automobile racing']","['Vin Diesel', 'Paul Walker', 'Michelle Rodriguez', 'Jordana Brewster', 'John Ortiz']",41
265,265,21626,Fast & Furious 5,Fast Five,"['Acción', 'Suspense', 'Crimen']",['Justin Lin'],"['brazil', 'fbi', 'freedom', 'escape from prison', 'car crash', 'heist', 'organized crime', 'on the run', 'money', 'fugitive', 'police chase', 'escaped convict', 'car', 'imax', 'automobile racing', 'duringcreditsstinger']","['Vin Diesel', 'Paul Walker', 'Jordana Brewster', 'Tyrese Gibson', 'Ludacris']",32
269,269,22022,Picasso de Persia,Fifi az khoshhali zooze mikeshad,['Documental'],['Mitra Farahani'],['woman director'],[],14
270,270,22152,Buscando a Nemo,Finding Nemo,"['Animación', 'Familia']",['Andrew Stanton'],"['parent child relationship', 'harbor', 'anthropomorphism', 'underwater', 'fish tank', 'great barrier reef', 'missing child', 'aftercreditsstinger', 'duringcreditsstinger', 'short term memory loss', 'clownfish', 'father son reunion', 'protective father']","['Albert Brooks', 'Ellen DeGeneres', 'Alexander Gould', 'Willem Dafoe', 'Brad Garrett']",24
271,271,22334,Flashdance,Flashdance,"['Drama', 'Romance']",['Adrian Lyne'],"['dancing', 'dance', 'locksmith', 'welder']","['Jennifer Beals', 'Michael Nouri', 'Lilia Skala', 'Kyle T. Heffner', 'Sunny Johnson']",20
295,295,23964,Los fantasmas de mis ex-novias,Ghosts of Girlfriends Past,"['Fantasía', 'Comedia', 'Romance']",['Mark Waters'],"['womanizer', 'love', 'wedding', 'aftercreditsstinger', 'duringcreditsstinger', 'past relationship']","['Matthew McConaughey', 'Jennifer Garner', 'Michael Douglas', 'Breckin Meyer', 'Lacey Chabert']",34
296,296,24200,¡Goool 2! Viviendo el sueño,Goal! II: Living the Dream,['Drama'],['Jaume Collet-Serra'],"['real madrid', 'soccer']","['Kuno Becker', 'Stephen Dillane', 'Anna Friel', 'Leonor Varela', 'Elizabeth Peña']",9
297,297,24292,Golden Winter,Golden Winter,['Familia'],['Sam Mendoti'],[],"['Haylie Duff', 'Darrel Guilbeau', 'Steve Sirkis', 'G.K. Bowes', 'Kim Little']",11
298,298,24330,60 segundos,Gone in Sixty Seconds,"['Acción', 'Crimen', 'Suspense']",['Dominic Sena'],"['sibling relationship', 'detective', 'car race', 'car thief', 'blackmail', 'brother', 'remake', 'heist', 'betrayal', 'organized crime', 'shootout', 'police chase', 'explosion', 'violence', 'lock pick', 'car chase', 'stakeout', 'illegal drugs', 'stolen cars', 'ford mustang', 'blacklight']","['Nicolas Cage', 'Angelina Jolie', 'Giovanni Ribisi', 'Delroy Lindo', 'Will Patton']",32
299,299,24385,Adios Bafana,Goodbye Bafana,"['Historia', 'Drama']",['Bille August'],"['jail guard', 'prison cell', 'south africa', 'apartheid', 'nelson mandela', 'escape', 'xenophobia']","['Joseph Fiennes', 'Dennis Haysbert', 'Diane Kruger', 'Shiloh Henderson', 'Patrick Lyster']",21
302,302,24675,"Grandview, U.S.A.","Grandview, U.S.A.",['Drama'],['Randal Kleiser'],"['bondage', 'parent child relationship', 'small town', 'revenge', 'growing up', 'independent film', 'coming of age', 'demolition derby']","['Jamie Lee Curtis', 'C. Thomas Howell', 'Patrick Swayze', 'Jennifer Jason Leigh', 'William Windom']",9
303,303,24696,Vaselina,Grease,['Romance'],['Randal Kleiser'],"['flying car', 'street gang', 'running', 'graduation', 'musical', 'rivalry', 'based on play or musical', 'gossip', 'makeover', 'automobile racing', 'nostalgic', 'greaser', 'wolf whistle', 'school dance', 'animated credits', 'pep rally', 'wrong side of the tracks', 'mooning', 'school principal']","['John Travolta', 'Olivia Newton-John', 'Stockard Channing', 'Jeff Conaway', 'Didi Conn']",11
304,304,24791,La fuerza de vivir,Griffin & Phoenix,"['Comedia', 'Drama', 'Romance']",['Ed Stone'],"['romance', 'cancer', 'doctor', 'teers']","['Amanda Peet', 'Dermot Mulroney', 'Sarah Paulson', 'Blair Brown', 'Alison Elliott']",31
338,338,27556,Indiana Jones y el reino de la calavera de cristal,Indiana Jones and the Kingdom of the Crystal Skull,"['Aventura', 'Acción']",['Steven Spielberg'],"['saving the world', 'riddle', 'whip', 'treasure', 'mexico city', 'leather jacket', 'machinegun', 'alien phenomenons', 'maya civilization', 'peru', 'treasure hunt', 'nuclear explosion', 'refrigerator', 'archaeologist', 'indiana jones', 'archeology\xa0']","['Harrison Ford', 'Cate Blanchett', 'Shia LaBeouf', 'Ray Winstone', 'Karen Allen']",22
339,339,27557,Indiana Jones y la última cruzada,Indiana Jones and the Last Crusade,"['Aventura', 'Acción']",['Steven Spielberg'],"['germany', 'saving the world', 'venice', 'holy grail', 'library', 'riddle', 'parent child relationship', 'whip', 'treasure', 'nazi', 'entrapment', 'crusader', 'father', 'treasure hunt', 'escape', 'panzer', 'order of the templars', 'desert', 'archaeologist', 'indiana jones', 'archeology\xa0', '1930s']","['Harrison Ford', 'Sean Connery', 'Denholm Elliott', 'Alison Doody', 'John Rhys-Davies']",22
340,340,27714,Insidious,Insidious,"['Terror', 'Suspense']",['James Wan'],"['medium', 'evil spirit', 'house warming', 'aftercreditsstinger']","['Patrick Wilson', 'Rose Byrne', 'Ty Simpkins', 'Lin Shaye', 'Barbara Hershey']",22
341,341,27731,Inspector Gadget,Inspector Gadget,"['Acción', 'Aventura', 'Comedia', 'Familia']",['David Kellogg'],['gadget'],"['Matthew Broderick', 'Rupert Everett', 'Joely Fisher', 'Michelle Trachtenberg', 'Andy Dick']",44
342,342,27787,Intern Academy,Intern Academy,['Comedia'],['Dave Thomas'],"['hospital', 'doctor', 'canuxploitation', 'medical drama']","['Christine Chatelain', 'Ingrid Kavelaars', 'Pat Kelly', 'Jane McLean', 'Viv Leacock']",11
343,343,27841,Hacia rutas salvajes,Into the Wild,"['Aventura', 'Drama']",['Sean Penn'],"['parent child relationship', 'camping', 'self-discovery', 'wilderness', 'biography', 'based on a true story', 'alaska', 'journey']","['Emile Hirsch', 'Marcia Gay Harden', 'William Hurt', 'Jena Malone', 'Brian H. Dierker']",21
344,344,27894,Invictus,Invictus,"['Drama', 'Historia']",['Clint Eastwood'],"['stadium', 'south africa', 'apartheid', 'nelson mandela', 'sport', 'nation', 'rugby', 'president', 'racism', 'poverty', 'celebration', 'duringcreditsstinger', '1990s']","['Morgan Freeman', 'Matt Damon', 'Tony Kgoroge', 'Patrick Mofokeng', 'Matt Stern']",21
345,345,27896,Invencible,Invincible,['Drama'],['Ericson Core'],"['american football', 'sports team', 'bad luck', 'advancement', 'sport']","['Mark Wahlberg', 'Greg Kinnear', 'Elizabeth Banks', 'Kevin Conway', 'Michael Rispoli']",9
379,379,29836,King Kong,King Kong,"['Aventura', 'Drama', 'Acción']",['Peter Jackson'],"['screenplay', 'show business', 'movie business', 'exotic island', 'monster', 'indigenous', 'ship', 'dinosaur']","['Naomi Watts', 'Jack Black', 'Adrien Brody', 'Thomas Kretschmann', 'Colin Hanks']",31
380,380,30131,Kung Fu Panda,Kung Fu Panda,"['Aventura', 'Animación', 'Familia', 'Comedia']","['Mark Osborne', 'John Stevenson']","['china', 'martial arts', 'kung fu', 'mentor', 'snake', 'restaurant', 'shop', 'strong woman', 'bravery', 'tiger', 'turtle', 'panda', 'sensei', 'anthropomorphism', 'fighting', 'ancient china', 'monkey', 'master', 'destiny', 'evil', 'aftercreditsstinger', 'monkey warrior', 'noodle']","['Jack Black', 'Dustin Hoffman', 'Angelina Jolie', 'Jackie Chan', 'Lucy Liu']",47
381,381,30132,Kung Fu Panda 2,Kung Fu Panda 2,"['Animación', 'Familia']",['Jennifer Yuh Nelson'],"['martial arts', 'hope', 'fleet', 'panda', 'mission', 'woman director']","['Jack Black', 'Angelina Jolie', 'Dustin Hoffman', 'Gary Oldman', 'Jackie Chan']",24
383,383,30243,La espuma de los días,L'écume des jours,"['Drama', 'Fantasía']",['Michel Gondry'],[],"['Romain Duris', 'Audrey Tautou', 'Gad Elmaleh', 'Omar Sy', 'Aïssa Maïga']",21
384,384,30248,El empleo del tiempo,L'emploi du temps,['Drama'],['Laurent Cantet'],"['fraud', 'swindler']","['Aurélien Recoing', 'Karin Viard', 'Serge Livrozet', 'Jean-Pierre Mangeot', 'Monique Mangeot']",9
385,385,30378,La bella y la bestia,La Belle et la Bête,"['Fantasía', 'Romance']",['Christophe Gans'],"['based on novel or book', 'magic', 'castle', 'fairy tale', 'transformation', 'forest', 'love', 'surrealism', 'curse', 'man beast', 'beast', 'giant man', 'healing power', 'based on fairy tale', 'picturesque']","['Vincent Cassel', 'Léa Seydoux', 'André Dussollier', 'Eduardo Noriega', 'Myriam Charleins']",23
386,386,30501,La ciénaga,La Ciénaga,"['Comedia', 'Drama']",['Lucrecia Martel'],"['suspense', 'children', 'argentina', 'racism', 'drink', 'drunk', 'woman director', 'bad parenting']","['Mercedes Morán', 'Graciela Borges', 'Martín Adjemián', 'Leonora Balcarce', 'Silvia Baylé']",20
387,387,30607,La educación de las hadas,La educación de las hadas,['Drama'],['José Luis Cuerda'],[],"['Ricardo Darín', 'Irène Jacob', 'Víctor Valdivia', 'Bebe Rebolledo']",9
424,424,34826,Malcolm X,Malcolm X,"['Drama', 'Historia']",['Spike Lee'],"['islam', 'new york', 'prison', 'assassination', 'ku klux klan', 'muslim', 'police brutality', 'beach', 'koran', 'jail guard', 'prison cell', 'bible', 'biography', 'martin luther king', 'nation of islam', 'civil rights movement ', 'mekka', 'pilgrimage', 'cabriolet', 'police', 'historical figure', 'based on memoir or autobiography', 'malcolm x']","['Denzel Washington', 'Angela Bassett', 'Albert Hall', 'Al Freeman, Jr.', 'Delroy Lindo']",21
425,425,34873,Mamá,Mama,['Terror'],['Andy Muschietti'],['supernatural'],"['Jessica Chastain', 'Nikolaj Coster-Waldau', 'Megan Charpentier', 'Isabelle Nélisse', 'Daniel Kash']",10
427,427,35039,Diario de un ejecutivo agresivo,Man About Town,"['Comedia', 'Drama', 'Romance']",['Mike Binder'],"['talent-scout', 'independent film']","['Ben Affleck', 'Rebecca Romijn', 'John Cleese', 'Mike Binder', 'Gina Gershon']",31
428,428,35113,Manhattan,Manhattan,"['Comedia', 'Drama', 'Romance']",['Woody Allen'],"['new york', 'adultery', 'based on novel or book', 'lolita', 'love', 'romance', 'independent film', 'mistress', 'writer', 'relationship', 'city', 'divorce', 'manhattan, new york city', 'married']","['Woody Allen', 'Diane Keaton', 'Michael Murphy', 'Mariel Hemingway', 'Meryl Streep']",31
429,429,35318,Margin Call,Margin Call,"['Suspense', 'Drama']",['J.C. Chandor'],"['capitalism', 'brokerage', 'wall street', 'downsizing', 'financial crisis', 'stock market', 'stock market crash', '21st century', 'investment']","['Kevin Spacey', 'Paul Bettany', 'Jeremy Irons', 'Zachary Quinto', 'Ashley Williams']",21
430,430,35319,Margot y la boda,Margot at the Wedding,"['Comedia', 'Drama']",['Noah Baumbach'],"['jealousy', 'secret', 'independent film', 'neighbor', 'family']","['Nicole Kidman', 'Jack Black', 'Jennifer Jason Leigh', 'Zain Pais', 'John Turturro']",20
431,431,35448,Marley,Bob Marley: Marley,"['Música', 'Documental']",['Kevin Macdonald'],"['bob marley', 'reggae music', 'duringcreditsstinger']","['Bob Marley', 'Ziggy Marley', 'Rita Marley', 'Cedella Marley', 'Jimmy Cliff']",24
434,434,35804,Maybe Baby,Maybe Baby,"['Comedia', 'Romance']",[],"['childlessness', 'independent film', 'pregnancy']",[],22
469,469,38622,La búsqueda (National Treasure),National Treasure,"['Aventura', 'Acción', 'Suspense', 'Misterio']",['Jon Turteltaub'],"['riddle', 'treasure', 'treasure hunt', 'archaeologist', 'archeology\xa0']","['Nicolas Cage', 'Diane Kruger', 'Justin Bartha', 'Sean Bean', 'Jon Voight']",46
470,470,38628,Nativity 2: Danger in the Manger!,Nativity 2: Danger in the Manger!,"['Comedia', 'Familia']",['Debbie Isitt'],"['woman director', 'christmas']","['David Tennant', 'Marc Wootton', 'Pam Ferris', 'Jessica Hynes', 'Joanna Page']",22
472,472,38796,Primer plano,کلوزآپ ، نمای نزدیک,"['Crimen', 'Documental', 'Drama']",['Abbas Kiarostami'],"['movie business', 'reenactment', 'mohsen makhmalbaf', 'tehran iran', 'cineaste']","['Mohsen Makhmalbaf', 'Monoochehr Ahankhah', 'Mahrokh Ahankhah', 'Nayer Mohseni Zonoozi', 'Hossain Sabzian']",33
473,473,38938,"New York, I Love You","New York, I Love You","['Comedia', 'Drama', 'Romance']","['Natalie Portman', 'Fatih Akin', 'Mira Nair', 'Allen Hughes', 'Yvan Attal', 'Shunji Iwai', 'Brett Ratner', 'Joshua Marston', 'Shekhar Kapur', 'Randall Balsmeyer', 'Jiang Wen']","['new york', 'city portrait', 'woman director']","['Hayden Christensen', 'Andy García', 'Rachel Bilson', 'Natalie Portman', 'Irrfan Khan']",31
474,474,39024,Noche en el museo,Night at the Museum,"['Acción', 'Aventura', 'Comedia', 'Familia', 'Fantasía']",['Shawn Levy'],"['museum', 'skeleton', 'night shift', 'chaos', 'genghis khan', 'maya civilization', 'natural history', 'theodore roosevelt', 'dinosaur', ""based on children's book"", 'magical object', 'security guard', 'duringcreditsstinger', 'inanimate objects coming to life']","['Ben Stiller', 'Jake Cherry', 'Carla Gugino', 'Robin Williams', 'Dick Van Dyke']",56
475,475,39025,Noche en el museo 2,Night at the Museum: Battle of the Smithsonian,"['Aventura', 'Fantasía', 'Acción', 'Comedia', 'Familia']",['Shawn Levy'],"['museum', 'theodore roosevelt', 'duringcreditsstinger', 'amelia earhart', 'smithsonian']","['Ben Stiller', 'Amy Adams', 'Owen Wilson', 'Hank Azaria', 'Robin Williams']",56
478,478,39370,Nadie vive,No One Lives,"['Terror', 'Suspense']",['Ryûhei Kitamura'],"['kidnapping', 'restaurant', 'motel', 'highway', 'police', 'psychopath', 'murder', 'travel', 'serial killer', 'gang', 'torture', 'crash', 'extreme violence', 'violence', 'trailer', 'wrecking yard']","['Luke Evans', 'Adelaide Clemens', 'Lee Tergesen', 'Derek Magyar', 'America Olivo']",22
479,479,39496,Sobrepasando el límite,Noise,"['Comedia', 'Drama', 'Suspense']",['Henry Bean'],"['vigilante', 'dark comedy', 'independent film']","['Tim Robbins', 'Bridget Moynahan', 'William Hurt', 'Margarita Levieva', 'Gabrielle Brennan']",32
512,512,42544,Percy Jackson y el ladrón del rayo,Percy Jackson & the Olympians: The Lightning Thief,"['Aventura', 'Fantasía', 'Familia']",['Chris Columbus'],"['based on novel or book', 'monster', 'greek mythology', 'god', 'poseidon \xa0', 'lightning bolt', 'based on young adult novel']","['Logan Lerman', 'Brandon T. Jackson', 'Alexandra Daddario', 'Jake Abel', 'Sean Bean']",35
513,513,42545,Percy Jackson y el mar de los monstruos,Percy Jackson: Sea of Monsters,"['Aventura', 'Familia', 'Fantasía']",['Thor Freudenthal'],"['poison', 'sea', 'based on novel or book', 'monster', 'hermes', 'adventure', 'tale', 'poseidon', 'fantasy world', 'demigod', 'golden fleece', 'olympus', 'quest', 'kronos', 'overthrow olympus', 'based on young adult novel']","['Logan Lerman', 'Alexandra Daddario', 'Douglas Smith', 'Leven Rambin', 'Brandon T. Jackson']",35
514,514,42634,Persépolis,Persepolis,"['Animación', 'Drama']","['Vincent Paronnaud', 'Marjane Satrapi']","['civil war', 'parent child relationship', '1970s', 'puberty', 'totalitarian regime', 'punk', 'bomb alarm', 'war', 'adult animation', 'punk band', 'woman director', 'iranian revolution']","['Chiara Mastroianni', 'Danielle Darrieux', 'Catherine Deneuve', 'Simon Abkarian', 'Gabrielle Lopes Benites']",22
516,516,42682,El cementerio viviente,Pet Sematary,"['Drama', 'Terror']",['Mary Lambert'],"['parent child relationship', 'coffin', 'pet', 'funeral', 'head injury', 'grief', 'violence', 'new neighbor', 'pet cemetery', 'dead cat', 'death of patient', 'loss of pet', 'dead lover', 'ghost', 'grave robbing', 'indian burial ground', 'woman director']","['Dale Midkiff', 'Fred Gwynne', 'Denise Crosby', 'Brad Greenquist', 'Michael Lombard']",19
518,518,42771,Philomena,Philomena,['Drama'],['Stephen Frears'],"['mother', 'washington d.c.', 'journalist', 'nun', 'adoption', 'forgiveness', 'son', 'faith', 'based on a true story', 'search', 'church', 'ireland', 'based on true events']","['Judi Dench', 'Steve Coogan', 'Sophie Kennedy Clark', 'Mare Winningham', 'Barbara Jefford']",9
519,519,42952,Pina,Pina,['Documental'],['Wim Wenders'],"['choreographer', 'choreography', 'modern dance']","['Regina Advento', 'Malou Airaudo', 'Ruth Amarante', 'Pina Bausch', 'Jorge Puerta']",14
520,520,43031,Piratas del Caribe: En el fin del mundo,Pirates of the Caribbean: At World's End,"['Aventura', 'Fantasía', 'Acción']",['Gore Verbinski'],"['exotic island', 'east india trading company', ""love of one's life"", 'traitor', 'shipwreck', 'strong woman', 'alliance', 'afterlife', 'pirate', 'swashbuckler', 'aftercreditsstinger', 'based on young adult novel']","['Johnny Depp', 'Orlando Bloom', 'Keira Knightley', 'Stellan Skarsgård', 'Chow Yun-Fat']",34
521,521,43032,Piratas del Caribe: El cofre del hombre muerto,Pirates of the Caribbean: Dead Man's Chest,"['Aventura', 'Fantasía', 'Acción']",[],[],[],34
555,555,45765,El origen de los guardianes,Rise of the Guardians,"['Animación', 'Familia', 'Fantasía']",['Peter Ramsey'],"['dream', 'santa claus', 'nightmare', 'easter bunny', 'tooth fairy', 'jack frost', 'sandman', 'duringcreditsstinger', 'christmas holiday']","['Chris Pine', 'Alec Baldwin', 'Jude Law', 'Isla Fisher', 'Hugh Jackman']",36
556,556,45767,El origen del planeta de los simios,Rise of the Planet of the Apes,"['Suspense', 'Acción', 'Drama', 'Ciencia ficción']",['Rupert Wyatt'],"['intelligence', 'zoo', 'cage', 'dystopia', ""alzheimer's disease"", 'golden gate bridge', 'ape', 'monkey', 'medical research']","['James Franco', 'Andy Serkis', 'Freida Pinto', 'John Lithgow', 'Brian Cox']",50
557,557,45772,Rising Stars,Rising Stars,"['Drama', 'Familia', 'Música']",['Daniel Millican'],[],"['Fisher Stevens', 'Barry Corbin', 'Catherine Mary Stewart', 'Leon G. Thomas III', 'Lauren Ashley Carter']",30
558,558,45895,RoboCop,RoboCop,"['Acción', 'Ciencia ficción']",['José Padilha'],"['cyborg', 'future', 'dystopia', 'police', 'remake', 'violence', 'detroit']","['Joel Kinnaman', 'Gary Oldman', 'Michael Keaton', 'Abbie Cornish', 'Jackie Earle Haley']",29
559,559,45940,Rock It!,Rock It!,"['Comedia', 'Familia']",['Mike Marzuk'],['musical'],"['Emilia Schüle', 'Daniel Axt', 'Maria Ehrich', 'Vivien Wulf', 'Jan Wannemacher']",22
560,560,45956,El astronauta,RocketMan,"['Comedia', 'Familia', 'Ciencia ficción']",['Stuart Gillard'],"['astronaut', 'chimpanzee']","['Harland Williams', 'Jessica Lundy', 'William Sadler', 'Beau Bridges', 'Jeffrey DeMunn']",41
561,561,45978,Rocky Balboa,Rocky Balboa,['Drama'],['Sylvester Stallone'],"['philadelphia', 'transporter', 'fight', ""love of one's life"", 'publicity', 'boxer', 'grave', 'tombstone', 'tv station', 'boxing match', 'comeback', 'training', 'restaurant owner', 'world champion', 'challenger', 'virtual fight', 'defeat', 'victory', 'cancer', 'over-the-hill fighter']","['Sylvester Stallone', 'Burt Young', 'Milo Ventimiglia', 'Geraldine Hughes', 'James Francis Kelly III']",9
600,600,48666,Simbad: La leyenda de los siete mares,Sinbad: Legend of the Seven Seas,"['Familia', 'Animación', 'Aventura', 'Comedia']","['Tim Johnson', 'Patrick Gilmore']","['prince', 'water monster', 'goddess', 'sailor', 'arabian nights']","['Brad Pitt', 'Catherine Zeta-Jones', 'Michelle Pfeiffer', 'Joseph Fiennes', 'Dennis Haysbert']",47
601,601,48692,Sinister 2,Sinister 2,['Terror'],['Ciaran Foy'],"['haunted house', 'sequel', 'twins']","['James Ransone', 'Shannyn Sossamon', 'Robert Daniel Sloan', 'Dartanian Sloan', 'Lea Coco']",10
602,602,48836,Skyline,Skyline,"['Ciencia ficción', 'Acción']","['Colin Strause', 'Greg Strause']","['missile', 'light', 'transformation', 'low-budget', 'alien', 'fireplace', 'los angeles', 'cell phone', 'rooftop', 'duringcreditsstinger']","['Eric Balfour', 'Scottie Thompson', 'David Zayas', 'Donald Faison', 'Brittany Daniel']",29
603,603,48895,Sleepy Hollow,Sleepy Hollow,"['Drama', 'Fantasía', 'Suspense', 'Misterio']",['Tim Burton'],"['horseman', 'head', 'headless horseman', 'headless']","['Johnny Depp', 'Ian McDiarmid', 'Christina Ricci', 'Casper Van Dien', 'Michael Gough']",45
604,604,48925,Slumdog Millionaire,Slumdog Millionaire,"['Drama', 'Romance']",['Danny Boyle'],"['slum', 'indian lead', 'cheating', 'suspicion', 'game show', 'quiz show', 'orphan', 'duringcreditsstinger', 'taj mahal', 'mumbai']","['Dev Patel', 'Freida Pinto', 'Anil Kapoor', 'Mia Drake Inderbitzin', 'Saurabh Shukla']",20
605,605,48943,Granujas de medio pelo,Small Time Crooks,"['Acción', 'Comedia', 'Crimen']",['Woody Allen'],"['bank', 'restaurant', 'role of women', 'bank robber', 'wife', 'pizzeria', 'pizza', 'keks', 'independent film', 'bank robbery', 'hoodlum']","['Woody Allen', 'Carolyn Saxon', 'Tracey Ullman', 'Michael Rapaport', 'Tony Darrow']",31
607,607,49463,"De tal padre, tal hijo",そして父になる,['Drama'],['Hirokazu Koreeda'],"['parent child relationship', 'boy', 'childhood', 'eating with chopsticks']","['Masaharu Fukuyama', 'Yoko Maki', 'Lily Franky', 'Machiko Ono', 'Jun Kunimura']",9
641,641,52561,Las crónicas de Narnia: El príncipe Caspian,The Chronicles of Narnia: Prince Caspian,"['Aventura', 'Familia', 'Fantasía']",['Andrew Adamson'],"['sibling relationship', 'based on novel or book', 'fictional place', 'lion', 'human being', 'wretch', 'matter of life and death', 'faith', 'uncle', ""based on children's book"", 'fantasy world', 'based on young adult novel']","['Ben Barnes', 'William Moseley', 'Anna Popplewell', 'Skandar Keynes', 'Georgie Henley']",35
642,642,52562,"Las crónicas de Narnia: El león, la bruja y el armario","The Chronicles of Narnia: The Lion, the Witch and the Wardrobe","['Aventura', 'Familia', 'Fantasía']",['Andrew Adamson'],"['saving the world', 'sibling relationship', 'witch', 'based on novel or book', 'self sacrifice', 'winter', 'cupboard', 'beaver', 'lion', 'fairy tale', 'battle', ""based on children's book"", 'fantasy world', 'duringcreditsstinger', 'based on young adult novel']","['William Moseley', 'Anna Popplewell', 'Skandar Keynes', 'Georgie Henley', 'Liam Neeson']",35
643,643,52563,Las crónicas de Narnia: La travesía del viajero del alba,The Chronicles of Narnia: The Voyage of the Dawn Treader,"['Aventura', 'Familia', 'Fantasía']",['Michael Apted'],"['based on novel or book', 'magic', 'good vs evil', 'anthropomorphism', 'dragon', 'king', 'fantasy world', 'snowing', 'sea voyage', 'quest', 'turned into animal', 'based on young adult novel']","['Skandar Keynes', 'Georgie Henley', 'Ben Barnes', 'Will Poulter', 'Simon Pegg']",35
644,644,52564,Las crónicas de Riddick,The Chronicles of Riddick,"['Acción', 'Ciencia ficción']",['David Twohy'],"['prison', 'dystopia', 'matter of life and death', 'outer space', 'intergalactic travel']","['Vin Diesel', 'Thandie Newton', 'Karl Urban', 'Colm Feore', 'Linus Roache']",29
645,645,52612,The collection,The Collection,"['Terror', 'Suspense']",['Marcus Dunstan'],"['mercenary', 'party', 'sequel', 'gore', 'escape', 'serial killer', 'masked killer', 'trap']","['Josh Stewart', 'Christopher McDonald', 'Emma Fitzpatrick', 'Lee Tergesen', 'Erin Way']",22
646,646,52659,La conversación,The Conversation,"['Crimen', 'Drama', 'Misterio']",['Francis Ford Coppola'],"['san francisco', 'saxophone', 'paranoia', 'audio tape', 'wiretap', 'shadowing', 'surveillance']","['Gene Hackman', 'John Cazale', 'Frederic Forrest', 'Cindy Williams', 'Harrison Ford']",31
647,647,52682,La venganza del conde de Montecristo,The Count of Monte Cristo,"['Acción', 'Aventura', 'Drama', 'Suspense']",['Kevin Reynolds'],"['loss of loved one', 'lover (female)', 'ex-lover', 'torture', 'napoleon bonaparte']","['Jim Caviezel', 'Guy Pearce', 'Richard Harris', 'James Frain', 'Dagmara Domińczyk']",43
679,679,53929,Lo que no se ve (Invisible),The Invisible,"['Crimen', 'Drama', 'Fantasía', 'Misterio', 'Suspense', 'Ciencia ficción']",['David S. Goyer'],"['high school', 'remake', 'student', 'teenager', 'out of body experience', 'school life']","['Justin Chatwin', 'Margarita Levieva', 'Marcia Gay Harden', 'Chris Marquette', 'Callum Keith Rennie']",74
680,680,53944,La dama de hierro,The Iron Lady,"['Historia', 'Drama']",['Phyllida Lloyd'],"['capitalism', 'prime minister', 'based on a true story', 'argentina', 'british overseas territory', 'war propaganda', 'british politics', 'british prime minister', 'female politician', 'falklands war', 'political leader', 'female prime minister', 'right wing', 'falklands', 'woman director']","['Meryl Streep', 'Anthony Stewart Head', 'Harry Lloyd', 'Jim Broadbent', 'Susan Brown']",21
681,681,53951,The Italian Job,The Italian Job,"['Acción', 'Crimen']",['F. Gary Gray'],"['venice', 'california', 'train station', 'helicopter', 'parent child relationship', 'austria', 'mountain', 'gold', 'subway', 'hacker', 'chase', 'safe', 'remake', 'caper', 'revenge', 'murder', 'heist', 'double crossed', 'fast cars', 'boat chase', 'los angeles', 'explosion', 'convict', 'car chase', 'tv news', 'hollywood sign', 'television repair', 'mini cooper']","['Mark Wahlberg', 'Charlize Theron', 'Edward Norton', 'Seth Green', 'Jason Statham']",20
682,682,54009,El protector,The Keeper,"['Acción', 'Suspense']",['Keoni Waxman'],"['texas', 'boxer', 'bodyguard', 'ex-cop', 'night club']","['Steven Seagal', 'Luce Rains', 'Liezl Carstens', 'Kisha Sierra', 'Arron Shiver']",22
683,683,54118,La Última Fortaleza,The Last Castle,"['Acción', 'Drama', 'Suspense']",['Rod Lurie'],"['prison', 'general']","['Robert Redford', 'James Gandolfini', 'Mark Ruffalo', 'Steve Burton', 'Delroy Lindo']",31
684,684,54150,La última casa a la izquierda,The Last House on the Left,"['Terror', 'Suspense']",['Wes Craven'],"['rape', 'loss of loved one', 'gun', 'birthday', 'kidnapping', 'concert', 'revenge', 'marijuana', 'slasher', 'disembowelment', 'pond', 'video nasty']","['Sandra Peabody', 'Lucy Grantham', 'David Hess', 'Fred J. Lincoln', 'Jeramie Rain']",22
685,685,54198,La última canción,The Last Song,"['Drama', 'Familia', 'Romance']",['Julie Anne Robinson'],"['sibling relationship', 'new love', 'daughter', 'summer vacation', 'woman director']","['Miley Cyrus', 'Greg Kinnear', 'Bobby Coleman', 'Liam Hemsworth', 'Hallock Beals']",31
718,718,55496,Los diarios del ron,The Rum Diary,"['Drama', 'Comedia']",['Bruce Robinson'],"['alcohol', 'journalist', 'based on novel or book', 'newspaper', 'voodoo', 'carnival', 'protest', 'puerto rico', 'tv debate', 'fire breathing', 'vomiting', 'cockfight', 'rum', 'brochure', 'tongue', 'drunkenness', '1960s', 'hunter s. thompson']","['Johnny Depp', 'Amber Heard', 'Aaron Eckhart', 'Michael Rispoli', 'Giovanni Ribisi']",20
719,719,55515,El santo,The Saint,"['Suspense', 'Acción', 'Romance', 'Ciencia ficción', 'Aventura']",['Phillip Noyce'],"['berlin, germany', 'russia', 'gas', 'master thief', 'the saint']","['Val Kilmer', 'Elisabeth Shue', 'Rade Serbedzija', 'Henry Goodman', 'Alun Armstrong']",64
720,720,55527,The Sandman,The Sandman,['Terror'],['J.R. Bookwalter'],"['nightmare', 'independent film']",[],10
721,721,55615,El secreto del libro de Kells,The Secret of Kells,"['Animación', 'Familia', 'Fantasía']",['Tomm Moore'],"['barbarian', 'underwater', 'trapped', 'sea monster', 'woman director']","['Evan McGuire', 'Christen Mooney', 'Brendan Gleeson', 'Mick Lally', 'Liam Hourican']",36
722,722,55679,El resplandor,The Shining,"['Terror', 'Suspense']",['Stanley Kubrick'],"['hotel', 'montana', 'isolation', 'hotelier', 'oregon', 'colorado', 'maze', 'bartender', 'ax', 'delusion', 'loneliness', 'caretaker', 'vision', 'snow', 'writer', 'alcoholic', 'cult film', 'snowed in', 'off season']","['Jack Nicholson', 'Shelley Duvall', 'Danny Lloyd', 'Scatman Crothers', 'Barry Nelson']",22
723,723,55684,Las Sandalias Del Pescador,The Shoes of the Fisherman,['Drama'],['Michael Anderson'],"['china', 'philosophy', 'vatican', 'pope', 'based on novel or book', 'soviet union', 'famine', 'catholic', 'threat', 'catholic church', 'catholicism', 'roman catholic', 'cardinal', 'roman catholic church']","['Anthony Quinn', 'Oskar Werner', 'David Janssen', 'Vittorio De Sica', 'Leo McKern']",9
724,724,55711,Los Simpson: La película,The Simpsons Movie,"['Animación', 'Comedia', 'Familia']",['David Silverman'],"['parent child relationship', 'lake', 'springfield', 'duff beer', 'garbage', 'pig', 'pollution', 'environmental protection agency', 'quarantine', 'alcoholism', 'love', 'alaska', 'dysfunctional family', 'dysfunctional marriage', 'ecology', 'saving lives', 'first love', 'duringcreditsstinger', 'donuts']","['Dan Castellaneta', 'Julie Kavner', 'Nancy Cartwright', 'Yeardley Smith', 'Hank Azaria']",35
758,758,57411,La masacre de Town Creek,Blood Creek,"['Terror', 'Suspense']",['Joel Schumacher'],"['west virginia', 'revenge', 'rifle', 'occult']","['Dominic Purcell', 'Henry Cavill', 'Michael Fassbender', 'Emma Booth', 'Rainer Winkelvoß']",22
759,759,57420,Toy Story ¡Terror!,Toy Story of Terror!,"['Aventura', 'Animación', 'Comedia', 'Familia', 'Fantasía', 'Terror', 'Película de TV']",['Angus MacLane'],"['halloween', 'toys', 'short']","['Tom Hanks', 'Tim Allen', 'Kristen Schaal', 'Carl Weathers', 'Wallace Shawn']",87
760,760,57463,Traffic,Traffic,"['Suspense', 'Drama', 'Crimen']",['Steven Soderbergh'],"['usa', 'war on drugs', 'drug traffic', 'drug dealer', 'drug smuggle', 'addicted', 'police operation', 'united states–mexico barrier', 'addiction', 'drug lord']","['Michael Douglas', 'Benicio del Toro', 'Jacob Vargas', 'Tomás Milián', 'Russell G. Jones']",31
761,761,57515,Traidor,Traitor,"['Drama', 'Acción', 'Suspense', 'Crimen']",['Jeffrey Nachmanoff'],"['bomb', 'prison', 'alcohol', 'kidnapping', 'traitor', 'delinquent', 'faith', 'car bomb', 'escape', 'devout']","['Don Cheadle', 'Guy Pearce', 'Neal McDonough', 'Saïd Taghmaoui', 'Alyy Khan']",41
762,762,57596,Transformers,Transformers,"['Aventura', 'Ciencia ficción', 'Acción']",['Michael Bay'],"['destroy', 'transformation', 'alien', 'based on toy', 'transformers', 'robot', 'duringcreditsstinger', 'teenage hero']","['Shia LaBeouf', 'Josh Duhamel', 'Megan Fox', 'Rachael Taylor', 'Tyrese Gibson']",41
763,763,57598,Transformers: La era de la extinción,Transformers: Age of Extinction,"['Ciencia ficción', 'Acción', 'Aventura']",['Michael Bay'],"['sequel', 'alien', 'transformers', 'giant robot', 'robot', 'imax', 'transforming robot']","['Mark Wahlberg', 'Stanley Tucci', 'Kelsey Grammer', 'Nicola Peltz', 'Jack Reynor']",41
764,764,57599,Transformers: El lado oscuro de la Luna,Transformers: Dark of the Moon,"['Acción', 'Ciencia ficción', 'Aventura']",['Michael Bay'],"['moon', 'spacecraft', 'traitor', 'bodyguard', 'alien planet', 'based on cartoon', 'transformers', 'giant robot', 'sabotage', 'word domination', 'commando', 'duringcreditsstinger']","['Shia LaBeouf', 'John Malkovich', 'Ken Jeong', 'Frances McDormand', 'Josh Duhamel']",41
803,803,61382,X-Men orígenes: Lobezno,X-Men Origins: Wolverine,"['Aventura', 'Acción', 'Suspense', 'Ciencia ficción']",['Gavin Hood'],"['corruption', 'mutant', 'boxer', 'army', 'prequel', 'superhero', 'based on comic', 'spin off', 'aftercreditsstinger', 'duringcreditsstinger', 'marvel comics']","['Hugh Jackman', 'Liev Schreiber', 'Danny Huston', 'Lynn Collins', 'Ryan Reynolds']",53
804,804,61384,X-Men: Días del futuro pasado,X-Men: Days of Future Past,"['Acción', 'Aventura', 'Fantasía', 'Ciencia ficción']",['Bryan Singer'],"['1970s', 'mutant', 'time travel', 'based on comic', 'superhuman', 'storm', 'beast', 'aftercreditsstinger', 'changing the past or future']","['Hugh Jackman', 'James McAvoy', 'Michael Fassbender', 'Jennifer Lawrence', 'Halle Berry']",53
805,805,61386,X-Men: La decisión final,X-Men: The Last Stand,"['Aventura', 'Acción', 'Ciencia ficción', 'Suspense']",['Brett Ratner'],"['mutant', 'based on comic', 'superhuman', 'beast', 'cyclops', 'aftercreditsstinger']","['Hugh Jackman', 'Halle Berry', 'Ian McKellen', 'Patrick Stewart', 'Famke Janssen']",53
807,807,61681,Sólo se vive una vez,You Only Live Once,"['Crimen', 'Drama', 'Romance']",['Fritz Lang'],"['ex-con', 'based on true events', 'film noir', 'on the lam', 'wrongly convicted person']","['Henry Fonda', 'Sylvia Sidney', 'Barton MacLane', 'Jean Dixon', 'William Gargan']",30
808,808,61695,You're So Cupid,You're So Cupid,"['Fantasía', 'Drama', 'Ciencia ficción', 'Romance', 'Familia']",['John Lyde'],"[""valentine's day""]","['Lauren Holly', 'Brian Krause', 'Jeremy Sumpter', 'Caitlin E.J. Meyer', 'Danielle C. Ryan']",62
809,809,61794,Zambezia,Zambezia,"['Comedia', 'Animación', 'Aventura', 'Familia']",['Wayne Thornley'],"['falcon', 'bird', 'origin']","['Jeremy Suarez', 'Samuel L. Jackson', 'Abigail Breslin', 'Leonard Nimoy', 'Jeff Goldblum']",47
810,810,61806,Zarafa,Zarafa,"['Familia', 'Animación']","['Rémi Bezançon', 'Jean-Christophe Lie']",[],"['Max Renaudin', 'Simon Abkarian', 'Vernon Dobtcheff', 'Roger Dumas', 'Ronit Elkabetz']",24
811,811,61859,La noche más oscura (Zero Dark Thirty),Zero Dark Thirty,"['Suspense', 'Drama', 'Historia']",['Kathryn Bigelow'],"['assassination', 'cia', 'hotel', 'terrorist', 'prisoner', 'car dealer', 'mossad', 'van', 'iraq', 'pakistan', 'osama bin laden', 'man hunt', 'navy seal', 'f word', 'female protagonist', 'gunfight', 'raid', 'violence', 'text message', 'monkey', 'dog', 'special forces', 'tied up', 'military', 'area 51', 'terrorist group', 'torturing', 'woman director', 'al qaeda', 'prison camp', 'water torture', 'suicide bombing', '21st century', 'ex special forces', 'post 9/11', 'helicopter crash', 'islamabad']","['Jessica Chastain', 'Jason Clarke', 'Mark Strong', 'Joel Edgerton', 'Chris Pratt']",33
846,846,72083,Blair Witch,Blair Witch,"['Suspense', 'Terror']",['Adam Wingard'],"['river', 'camping', 'tent', 'rain', 'tree', 'night', 'flashlight', 'infection', 'maryland', 'forest', 'supernatural', 'woods', 'handheld camera', 'campfire', 'found footage', 'tree climbing', 'lost in the woods', 'blair witch']","['James Allen McCune', 'Callie Hernandez', 'Brandon Scott', 'Corbin Reid', 'Wes Robinson']",22
847,847,72084,Boo! A Madea Halloween,Boo! A Madea Halloween,"['Comedia', 'Terror', 'Drama']",['Tyler Perry'],"['halloween', 'poltergeist', 'haunted house', 'zombie', 'teenager', 'ghoul', 'ghost', 'mayhem']","['Tyler Perry', 'Cassi Davis', 'Diamond White', 'Yousef Erakat', 'Bella Thorne']",30
848,848,72090,The Missing Part,La parte ausente,"['Fantasía', 'Misterio', 'Suspense']",['Galel Maidana'],"['future', 'vampire', 'dystopia']","['Celeste Cid', 'Guillermo Pfening', 'Alberto Ajaka', 'Luis Ziembrowski', 'Edgardo Castro']",36
849,849,72628,Las apariencias engañan,Keeping Up with the Joneses,"['Acción', 'Comedia']",['Greg Mottola'],['suburb'],"['Zach Galifianakis', 'Isla Fisher', 'Jon Hamm', 'Gal Gadot', 'Patton Oswalt']",21
850,850,73952,Ozzy,Ozzy,"['Animación', 'Familia']","['Alberto Rodríguez', 'Nacho La Casa']","['dog', 'beagle']","['Elsa Pataky', 'Michelle Jenner', 'Dani Rovira', 'Carlos Areces', 'Fernando Tejero']",24
852,852,74551,Logan,Logan,"['Acción', 'Drama', 'Ciencia ficción']",['James Mangold'],"['cyborg', 'experiment', 'self-destruction', 'mutant', 'future', 'dystopia', 'immortality', 'sequel', 'superhero', 'based on comic', 'super power', 'neo-western', 'troubled past', 'life on the margin', 'stan lee']","['Hugh Jackman', 'Patrick Stewart', 'Dafne Keen', 'Boyd Holbrook', 'Stephen Merchant']",38
854,854,75284,¿Tenía que ser él?,Why Him?,['Comedia'],['John Hamburg'],"['daughter', 'rivalry', 'dad', 'parent-in-law child-in-law relationship']","['Bryan Cranston', 'James Franco', 'Zoey Deutch', 'Megan Mullally', 'Griffin Gluck']",11
855,855,75875,La ciudad de las estrellas  (La La Land),La La Land,"['Comedia', 'Drama', 'Romance']",['Damien Chazelle'],"['jazz', 'dance', 'passion', 'traffic jam', 'ambition', 'musical', 'casting', 'coffee shop', 'jazz club', 'music', 'hollywood', 'los angeles', 'pianist', 'pier', 'audition', 'theater', 'planetarium', 'watching a movie', 'aspiring actor', 'movie set', 'sunset', 'one woman show', 'actress', 'bittersweet', 'pool party']","['Ryan Gosling', 'Emma Stone', 'John Legend', 'Rosemarie DeWitt', 'J.K. Simmons']",31
885,885,83068,Pokémon: Jirachi y los deseos,劇場版ポケットモンスターアドバンスジェネレーション 七夜の願い星 ジラーチ,"['Acción', 'Animación', 'Aventura', 'Familia']",['Kunihiko Yuyama'],['pokémon'],"['Yuji Ueda', 'Fushigi Yamada', 'KAORI', 'Ikue Otani', 'Kenji Nojima']",46
886,886,83125,Si no despierto,Before I Fall,"['Drama', 'Misterio', 'Suspense', 'Fantasía']",['Ry Russo-Young'],"['based on novel or book', 'time loop', 'female protagonist', 'teenager', 'mumblecore', 'teen drama', 'based on young adult novel']","['Zoey Deutch', 'Halston Sage', 'Logan Miller', 'Elena Kampouris', 'Jennifer Beals']",45
902,902,83656,Medidas extremas,Eiðurinn,"['Drama', 'Crimen', 'Suspense']",['Baltasar Kormákur'],['drugs'],"['Baltasar Kormákur', 'Hera Hilmar', 'Gísli Örn Garðarsson', 'Margrét Bjarnadóttir', 'Auður Aradóttir']",31
903,903,83895,Mañana empieza todo,Demain tout commence,"['Drama', 'Comedia']",['Hugo Gélin'],"['london england', 'single parent', 'parent child relationship', 'stuntman', 'remake', 'children', 'parenting', 'single father', 'black family', 'lying', 'absent parent', 'frenchman abroad']","['Omar Sy', 'Clémence Poésy', 'Antoine Bertrand', 'Gloria Colston', 'Ashley Walters']",20
904,904,84310,Dónde Está El Dinero,Where's The Money?,['Comedia'],['Scott Zabielski'],[],"['Andrew Bachelor', 'Kat Graham', 'Terry Crews', 'Method Man', 'Mike Epps']",11
905,905,84349,Cook-Off!,Cook-Off!,['Comedia'],"['Guy Shalem', 'Cathryn Michon']","['satire', 'mockumentary', 'cooking competition']","['Melissa McCarthy', 'Wendi McLendon-Covey', 'Stephen Root', 'Ben Falcone', 'Diedrich Bader']",11
944,944,86718,Trophy,Trophy,['Documental'],"['Shaul Schwarz', 'Christina Clusiau']","['africa', 'hunting', 'endangered species', 'woman director']",[],14
945,945,86753,Barry Seal: El traficante,American Made,"['Acción', 'Comedia', 'Crimen', 'Drama']",['Doug Liman'],"['cia', 'pilot', 'illegal drugs', 'dea agent', 'latin america', '1980s']","['Tom Cruise', 'Sarah Wright', 'Domhnall Gleeson', 'Alejandro Edda', 'Mauricio Mejía']",40
946,946,86770,Madre!,mother!,"['Drama', 'Terror', 'Misterio']",['Darren Aronofsky'],"['nightmare', 'surrealism', 'writer', 'pregnancy', 'violence', 'stranger', 'psychological horror', 'uninvited guest']","['Jennifer Lawrence', 'Javier Bardem', 'Ed Harris', 'Michelle Pfeiffer', 'Domhnall Gleeson']",31
947,947,87018,Geo-tormenta,Geostorm,"['Acción', 'Ciencia ficción', 'Suspense']",['Dean Devlin'],"['artificial intelligence', 'future', 'weather manipulation', 'murder', 'end of the world', 'conspiracy', 'apocalypse', 'outer space', 'storm', 'space shuttle', 'catastrophe', 'global threat', 'environmental disaster', 'international space station', 'overpopulated world']","['Gerard Butler', 'Alexandra Maria Lara', 'Jim Sturgess', 'Abbie Cornish', 'Ed Harris']",41
948,948,88521,El pájaro loco: La película,Woody Woodpecker,"['Animación', 'Comedia', 'Familia']",['Alex Zamm'],"['bird', 'woodpecker', 'pica-pau']","['Timothy Omundson', 'Thaila Ayala', 'Eric Bauza', 'Graham Verchere', 'Jordana Largy']",35
949,949,88522,Feliz día de tu muerte,Happy Death Day,"['Terror', 'Misterio', 'Suspense']",['Christopher B. Landon'],"['college', 'murder', 'time loop', 'young adult', 'college student']","['Jessica Rothe', 'Israel Broussard', 'Ruby Modine', 'Rachel Matthews', 'Charles Aitken']",34
951,951,88525,Fat Camp,Fat Camp,['Comedia'],[],[],[],11
1011,1011,90824,Cuidado con los extraños,Better Watch Out,"['Terror', 'Suspense']",['Chris Peckover'],"['spider', 'murder', 'snowman', 'snow', 'home invasion', 'truth or dare', 'christmas lights', 'holiday horror', 'christmas horror', 'christmas', 'twist ending']","['Olivia DeJonge', 'Levi Miller', 'Ed Oxenbould', 'Aleks Mikic', 'Dacre Montgomery']",22
1012,1012,90918,Locura padre,Father Figures,['Comedia'],['Lawrence Sher'],[],"['Owen Wilson', 'Ed Helms', 'J.K. Simmons', 'Katt Williams', 'Terry Bradshaw']",11
1013,1013,90919,Ferdinand,Ferdinand,"['Animación', 'Familia', 'Aventura', 'Comedia']",['Carlos Saldanha'],"['spain', 'madrid', 'europe', 'friendship', 'remake', 'anthropomorphism', 'bull', ""based on children's book"", 'capture', 'adaptation']","['John Cena', 'Kate McKinnon', 'Anthony Anderson', 'Bobby Cannavale', 'David Tennant']",47
1014,1014,90941,Megan Leavey,Megan Leavey,"['Drama', 'Bélica']",['Gabriela Cowperthwaite'],"['human animal relationship', 'biography', 'female soldier', 'iraq war', 'dog', 'animal', 'purple heart', 'iraq veteran', 'woman director', 'u.s. marine', 'war dog']","['Kate Mara', 'Ramón Rodríguez', 'Tom Felton', 'Bradley Whitford', 'Will Patton']",19
1015,1015,90945,Dando la nota 3,Pitch Perfect 3,"['Comedia', 'Música']",['Trish Sie'],"['sequel', 'singer', 'acapella', 'uso']","['Anna Kendrick', 'Rebel Wilson', 'Brittany Snow', 'Hailee Steinfeld', 'Elizabeth Banks']",21
1016,1016,90952,Stickman,Stickman,"['Suspense', 'Terror']",['Sheldon Wilson'],"['poem', 'monster', 'nightmare', 'mental institution']","['Hayley Law', 'Sara García', 'Zoé De Grand Maison', 'Erik Knudsen', 'Alanna Bale']",22
1081,1081,92394,Most Likely to Murder,Most Likely to Murder,['Comedia'],['Dan Gregor'],"['high school sweetheart', 'return home']","['Adam Pally', 'Rachel Bloom', 'Vincent Kartheiser', 'John Reynolds', 'Didi Conn']",11
1082,1082,92395,Neverknock,Neverknock,"['Suspense', 'Terror', 'Ciencia ficción', 'Película de TV']",['Sheldon Wilson'],"['monster', 'halloween', 'murder']","['Dominique Provost-Chalkley', 'Jodelle Ferland', 'Kiana Madeira', 'Varun Saranga', 'Lola Flanery']",59
1083,1083,92422,El corredor del laberinto: La cura mortal,Maze Runner: The Death Cure,"['Acción', 'Misterio', 'Ciencia ficción', 'Suspense', 'Aventura', 'Fantasía']",['Wes Ball'],"['based on novel or book', 'fight', 'maze', 'imprisonment', 'post-apocalyptic', 'terminal illness', 'shooting', 'sequel', 'murder', 'suspense', 'mad scientist', 'survival', 'trial', 'zombie', 'doctor', 'battle', 'vaccine', 'scientist', 'city', 'killer', 'desert', 'labyrinth', 'combat', 'trilogy', 'illness', 'cure', 'zombie apocalypse', 'runner', 'universal cure', 'based on young adult novel']","[""Dylan O'Brien"", 'Kaya Scodelario', 'Thomas Brodie-Sangster', 'Ki Hong Lee', 'Rosa Salazar']",77
1084,1084,92442,Los archivos del Pentágono,The Post,"['Drama', 'Historia']",['Steven Spielberg'],"['journalism', 'newspaper', 'biography', 'politics', 'government cover-up', 'publisher']","['Meryl Streep', 'Tom Hanks', 'Sarah Paulson', 'Bob Odenkirk', 'Tracy Letts']",21
1086,1086,92497,Deep Blue Sea 2,Deep Blue Sea 2,"['Ciencia ficción', 'Terror', 'Acción']",['Darin Scott'],"['shark attack', 'sequel', 'gore', 'scientist', 'shark']","['Danielle Savre', 'Rob Mayes', 'Michael Beach', 'Nathan Lynn', 'Kim Syster']",39
1198,1198,3417,Un paseo para recordar,A Walk to Remember,"['Drama', 'Romance']",['Adam Shankman'],"['based on novel or book', 'theatre group', 'north carolina', 'theatre milieu', 'high school', 'cancer', 'coming of age', 'tragic love', 'teenager', 'star crossed lovers']","['Mandy Moore', 'Shane West', 'Peter Coyote', 'Daryl Hannah', 'Lauren German']",20
1204,1204,3849,Ace Ventura: Operación África,Ace Ventura: When Nature Calls,"['Crimen', 'Comedia', 'Aventura']",['Steve Oedekerk'],"['africa', 'indigenous', 'human animal relationship', 'bat']","['Jim Carrey', 'Ian McNeice', 'Simon Callow', 'Maynard Eziashi', 'Bob Gunton']",33
1213,1213,4728,Alfie,Alfie,['Comedia'],['Charles Shyer'],"['new york', 'cheating', 'flirt', 'lover', 'older woman seduces younger guy', 'playboy', 'remake']","['Jude Law', 'Marisa Tomei', 'Omar Epps', 'Jane Krakowski', 'Renée Taylor']",11
1214,1214,4745,Ali,Ali,['Drama'],['Michael Mann'],"['usa', 'transporter', 'boxer', 'biography', 'muhammad']","['Will Smith', 'Jamie Foxx', 'Jon Voight', 'Mario Van Peebles', 'Ron Silver']",9
1215,1215,4845,¡Viven!,Alive,"['Acción', 'Aventura', 'Drama', 'Suspense']",['Frank Marshall'],"['rugby', 'stranded', 'survival', 'airplane wreck', 'airplane crash', 'freezing', 'based on true events', 'disaster movie', 'andes mountains']","['John Malkovich', 'Ethan Hawke', 'Vincent Spano', 'Josh Hamilton', 'Bruce Ramsay']",43
1216,1216,4874,Todas las cosas buenas,All Good Things,"['Drama', 'Misterio', 'Suspense', 'Crimen', 'Romance']",['Andrew Jarecki'],"['difficult childhood', 'patriarch', 'childhood trauma', 'dysfunctional marriage']","['Ryan Gosling', 'Kirsten Dunst', 'Frank Langella', 'Lily Rabe', 'Philip Baker Hall']",54
1255,1255,7778,Aliens vs. Predator 2,Aliens vs Predator: Requiem,"['Fantasía', 'Acción', 'Ciencia ficción', 'Suspense', 'Terror']","['Colin Strause', 'Greg Strause']","['predator', 'colorado', 'national guard', 'hybrid', 'alien', 'morgue', 'alien possession', 'triangle', 'infestation', 'xenomorph']","['Steven Pasquale', 'Reiko Aylesworth', 'John Ortiz', 'Ariel Gade', 'Sam Trammell']",63
1256,1256,7787,Un lugar donde quedarse,Away We Go,"['Comedia', 'Drama', 'Romance']",['Sam Mendes'],"['interracial relationship', 'biracial', 'bedtime story', 'unmarried couple', 'medical illustrator', 'disguised voice', 'student protest', 'sonogram']","['John Krasinski', 'Maya Rudolph', 'Carmen Ejogo', ""Catherine O'Hara"", 'Jeff Daniels']",31
1257,1257,7886,"Babe, el cerdito en la ciudad",Babe: Pig in the City,"['Aventura', 'Comedia', 'Drama', 'Familia', 'Fantasía']",['George Miller'],"['piggy bank', 'shortage of money', 'pig', 'farm', 'piglet', 'anthropomorphism', 'talking dog', 'dog', 'chimpanzee', 'talking pig']","['James Cromwell', 'Mary Stein', 'Mickey Rooney', 'Magda Szubanski', 'E.G. Daily']",55
1258,1258,7889,Babel,Babel,['Drama'],['Alejandro González Iñárritu'],"['terror', 'loss of loved one', 'gun', 'morocco', 'deaf-mute', 'san diego', 'ecstasy', 'illegal immigration', 'first time', 'nanny', 'daughter', 'drug use', 'bullet wound', 'ensemble cast', 'multiple storylines', 'incident']","['Brad Pitt', 'Cate Blanchett', 'Gael García Bernal', 'Peter Wight', 'Harriet Walter']",9
1259,1259,7913,Unos peques geniales,Baby Geniuses,"['Ciencia ficción', 'Comedia', 'Familia']",['Bob Clark'],"['baby', 'genius', 'toddler', 'baby geniuses']","['Kathleen Turner', 'Christopher Lloyd', 'Kim Cattrall', 'Peter MacNicol', 'Dom DeLuise']",41
1260,1260,8137,Balada triste de trompeta,Balada triste de trompeta,"['Acción', 'Drama', 'Suspense']",['Álex de la Iglesia'],"['dancer', 'militia', 'clown', 'revenge', 'dark comedy', 'mad', 'revenge motive', 'clown shoes', 'narcissism', 'manipulative lover', 'dream sequence', 'circus performer']","['Santiago Segura', 'Antonio de la Torre', 'Raúl Arévalo', 'Fran Perea', 'Carolina Bang']",31
1263,1263,8266,Bárbara,Barbara,['Drama'],['Christian Petzold'],"['small town', 'visa', 'stasi', 'lover', 'doctor', 'east germany', '1980s']","['Nina Hoss', 'Ronald Zehrfeld', 'Jasna Fritzi Bauer', 'Mark Waschke', 'Rainer Bock']",9
1264,1264,8272,Barbacoa de amigos,Barbecue,['Comedia'],['Eric Lavaine'],[],"['Lambert Wilson', 'Franck Dubosc', 'Florence Foresti', 'Guillaume de Tonquédec', 'Jérôme Commandeur']",11
1300,1300,12023,Centurión,Centurion,"['Aventura', 'Acción', 'Drama']",['Neil Marshall'],"['roman empire', 'ancient rome', 'ancient world', 'violence', 'britain', 'behind enemy lines', 'sole survivor']","['Michael Fassbender', 'Olga Kurylenko', 'David Morrissey', 'Liam Cunningham', 'Dominic West']",31
1301,1301,12054,César debe morir,Cesare deve morire,"['Drama', 'Documental']","['Paolo Taviani', 'Vittorio Taviani']",[],"['Cosimo Rega', 'Salvatore Striano', 'Giovanni Arcuri', 'Antonio Frasca', 'J. Dario Bonetti']",23
1302,1302,12126,Al límite de la verdad,Changing Lanes,"['Crimen', 'Suspense']",['Roger Michell'],"['new york', 'custody battle', 'suspense', 'lawyer']","['Ben Affleck', 'Samuel L. Jackson', 'Kim Staunton', 'Toni Collette', 'Sydney Pollack']",22
1303,1303,12208,La telaraña de Carlota,Charlotte's Web,"['Comedia', 'Familia', 'Fantasía']",['Gary Winick'],"['hero', 'barn', 'spider', 'pig', 'egg', 'friendship', 'spring', 'uncle', 'friends', 'rescue', 'survival', 'anthropomorphism', 'grass', 'family', 'desk', 'raincoat', 'talking pig']","['Julia Roberts', 'Steve Buscemi', 'John Cleese', 'Oprah Winfrey', 'Cedric the Entertainer']",34
1304,1304,12253,Qué extraño llamarse Federico,Che strano chiamarsi Federico,['Documental'],['Ettore Scola'],['biography'],"['Federico Fellini', 'Vittorio Viviani', ""Ernesto D'Argenio"", 'Antonella Attili']",14
1305,1305,12444,Chicken Little,Chicken Little,"['Animación', 'Familia', 'Comedia']",['Mark Dindal'],"['fish', 'small town', 'space marine', 'chicken', 'alien', 'best friend', 'alien invasion', 'animal', 'duringcreditsstinger', '3d']","['Zach Braff', 'Joan Cusack', 'Dan Molina', 'Steve Zahn', 'Garry Marshall']",35
1306,1306,12445,Chicken Run: Evasión en la granja,Chicken Run,"['Animación', 'Comedia', 'Familia']","['Peter Lord', 'Nick Park']","['chicken', 'northern england', 'freedom', 'yorkshire', 'royal air force', 'escape', 'farmer', 'chicken farm', 'pie machine']","['Mel Gibson', 'Miranda Richardson', 'Timothy Spall', 'Imelda Staunton', 'Jane Horrocks']",35
1307,1307,12601,Chinatown,Chinatown,"['Crimen', 'Drama', 'Misterio', 'Suspense']",['Roman Polański'],"['rape', 'sea', 'river', 'chinatown', 'mistake in person', 'pedophilia', 'dying and death', 'barrage', 'los angeles', 'private detective', 'neo-noir']","['Jack Nicholson', 'Faye Dunaway', 'John Huston', 'Perry Lopez', 'John Hillerman']",43
1308,1308,12626,Chloe,Chloe,"['Drama', 'Suspense', 'Misterio']",['Atom Egoyan'],"['toronto', 'remake', 'lesbian', 'suspicious wife', 'female doctor', 'playing piano']","['Julianne Moore', 'Liam Neeson', 'Amanda Seyfried', 'Max Thieriot', 'R. H. Thomson']",33
1347,1347,15277,Bailar en la oscuridad,Dancer in the Dark,"['Drama', 'Crimen', 'Música']",['Lars von Trier'],"['individual', 'dancing', 'usa', 'robbery', 'factory worker', 'secret', 'factory', 'small town', 'dance', 'blindness and impaired vision', 'immigrant', 'eye operation', 'eyesight', 'fantasy', 'naivety', 'hereditary disease', 'dying and death', 'debt', 'police officer']","['Björk', 'Catherine Deneuve', 'David Morse', 'Peter Stormare', 'Joel Grey']",29
1348,1348,15399,Nadie sabe,誰も知らない,['Drama'],['Hirokazu Koreeda'],"['japan', 'sibling relationship', 'loss of loved one', 'season', 'tokyo japan', 'kids on their own']","['Yuya Yagira', 'Ayu Kitaura', 'Hiei Kimura', 'Momoko Shimizu', 'Hanae Kan']",9
1349,1349,15458,Dark Water (La huella),Dark Water,"['Drama', 'Terror', 'Suspense']",['Walter Salles'],"['based on novel or book', 'water', 'remake', 'teacher', 'divorce', 'apartment', 'ghost', 'manhattan, new york city']","['Jennifer Connelly', 'John C. Reilly', 'Tim Roth', 'Dougray Scott', 'Pete Postlethwaite']",31
1350,1350,15500,La Casa de los Cocodrilos,Das Haus der Krokodile,"['Aventura', 'Familia', 'Misterio']","['Cyrill Boss', 'Phillip Stennert']",[],"['Kristo Ferkic', 'Joanna Ferkic', 'Vijessna Ferkic', 'Uwe Friedrichsen', 'Christian Furrer']",35
1351,1351,15599,El amanecer del planeta de los simios,Dawn of the Planet of the Apes,"['Ciencia ficción', 'Acción', 'Drama', 'Suspense']",['Matt Reeves'],"['leader', 'colony', 'post-apocalyptic', 'dystopia', 'animal attack', 'forest', 'sequel', 'woods', 'ape', 'scientist', 'monkey', 'medical research', 'plague', '3d']","['Andy Serkis', 'Jason Clarke', 'Gary Oldman', 'Keri Russell', 'Toby Kebbell']",50
1352,1352,15848,El club de los poetas muertos,Dead Poets Society,['Drama'],['Peter Weir'],"['individual', 'philosophy', 'poetry', 'shakespeare', 'professor', 'literature', 'friendship', 'teacher', 'school play', 'vermont', 'preparatory school', ""shakespeare's a midsummer night's dream""]","['Robin Williams', 'Ethan Hawke', 'Robert Sean Leonard', 'Gale Hansen', 'Josh Charles']",9
1353,1353,15899,Deadpool,Deadpool,"['Acción', 'Aventura', 'Comedia']",['Tim Miller'],"['anti hero', 'mercenary', 'superhero', 'based on comic', 'breaking the fourth wall', 'aftercreditsstinger', 'duringcreditsstinger', 'self healing']","['Ryan Reynolds', 'Morena Baccarin', 'Ed Skrein', 'T.J. Miller', 'Gina Carano']",33
1354,1354,15968,Sentencia de muerte,Death Sentence,"['Acción', 'Crimen', 'Drama', 'Suspense']",['James Wan'],"['loss of loved one', 'repayment', 'revenge', 'murder', 'gang', 'police officer killed', 'hospital', 'extreme violence', 'justice', 'hoodlum', 'semiautomatic pistol']","['Kevin Bacon', 'Garrett Hedlund', 'Kelly Preston', 'Jordan Garrett', 'John Goodman']",41
1355,1355,16024,Desmontando a Harry,Deconstructing Harry,"['Comedia', 'Drama']",['Woody Allen'],"['new york', ""writer's block"", 'insanity', 'independent film', 'author']","['Woody Allen', 'Kirstie Alley', 'Billy Crystal', 'Judy Davis', 'Caroline Aaron']",20
1390,1390,18024,La conspiración del pánico,Eagle Eye,"['Misterio', 'Suspense', 'Acción']",['D.J. Caruso'],"['usa', 'artificial intelligence', 'washington d.c.', 'secret identity', 'hostage', 'technology', 'fbi', 'pentagon', 'twin brother']","['Shia LaBeouf', 'Michelle Monaghan', 'Rosario Dawson', 'Michael Chiklis', 'Anthony Mackie']",34
1392,1392,18383,El Aura,El Aura,"['Crimen', 'Drama', 'Suspense']",['Fabián Bielinsky'],"['casino', 'epilepsy', 'patagonia', 'taxidermy', 'hunting trip', 'heist', 'betrayal', 'independent film', 'argentina', 'armored truck', 'neo-noir', 'accidental killing']","['Ricardo Darín', 'Dolores Fonzi', 'Pablo Cedrón', 'Nahuel Pérez Biscayart', ""Jorge D'Elía""]",31
1394,1394,18643,El custodio,El custodio,['Drama'],['Rodrigo Moreno'],[],"['Julio Chávez', 'Jonás Elfenbaum', 'Guadalupe Docampo', 'Osmar Núñez', ""Marcelo D'Andrea""]",9
1395,1395,18647,El delfín: La historia de un soñador,The Dolphin Story of a Dreamer,['Animación'],['Eduardo Schuldt'],[],"['Robbie Daymond', 'Debra L. Repashy', 'Michael Ferreri', 'Steven Booth', 'Giovanni Ciccia']",13
1397,1397,18807,El gato desaparece,El gato desaparece,"['Drama', 'Suspense']",['Carlos Sorin'],[],"['Maria Abadi', 'Norma Argentina', 'Gisela Aringoli', 'Alejandro Javier Bures', 'Emma Jayne Carlton']",21
1399,1399,18869,El hijo de la novia,El hijo de la novia,"['Comedia', 'Drama', 'Romance']",['Juan José Campanella'],"['heart attack', 'buenos aires', 'bride', 'marriage', 'toilet', 'friends', 'wedding', 'urination', 'waiter', 'therapy', 'vice squad', 'watching tv']","['Ricardo Darín', 'Héctor Alterio', 'Norma Aleandro', 'Eduardo Blanco', 'Natalia Verbeke']",31
1400,1400,19141,El Otro,El Otro,['Drama'],['Ariel Rotter'],[],"['Julio Chávez', 'María Onetto', 'María Ucedo', 'Inés Molina', 'Arturo Goetz']",9
1401,1401,19293,El regalo,El regalo,"['Comedia', 'Drama']",[],"['senior citizen', 'ciudadanos mayores']",[],20
1438,1438,22625,Footloose,Footloose,"['Drama', 'Romance']",['Herbert Ross'],"['dancing', 'dancer', 'dance', 'music', 'dance teacher', 'father daughter relationship']","['Kevin Bacon', 'Lori Singer', 'John Lithgow', 'Dianne Wiest', 'Chris Penn']",20
1439,1439,22729,Paso de ti,Forgetting Sarah Marshall,"['Comedia', 'Romance', 'Drama']",['Nicholas Stoller'],"['hawaii', 'one-night stand', 'beauty']","['Jason Segel', 'Kristen Bell', 'Mila Kunis', 'Russell Brand', 'Bill Hader']",31
1440,1440,22882,Frankie y Alice (Mente criminal),Frankie & Alice,"['Drama', 'Suspense']",['Geoffrey Sax'],"['dancer', 'biography', 'racist', 'based on a true story', 'illness', 'mental']","['Halle Berry', 'Stellan Skarsgård', 'Phylicia Rashād', 'Chandra Wilson', 'Adrian Holmes']",21
1441,1441,23014,"Viernes 13, 2ª parte",Friday the 13th Part 2,"['Terror', 'Suspense']",['Steve Miner'],"['camping', 'summer camp', 'gore', 'b movie', 'slasher', 'brisbane']","['Amy Steel', 'John Furey', 'Adrienne King', 'Kirsten Baker', 'Stuart Charno']",22
1442,1442,23015,"Viernes 13, parte III",Friday the 13th Part III,"['Terror', 'Suspense']",['Steve Miner'],"['lake', 'summer camp', 'murder', 'serial killer', 'slasher', 'summer', 'jason voorhees', 'one by one', 'friday the thirteenth']","['Dana Kimmell', 'Paul Kratka', 'Tracie Savage', 'Jeffrey Rogers', 'Catherine Parks']",22
1445,1445,23286,Fast & Furious 6,Fast & Furious 6,"['Acción', 'Suspense', 'Crimen']",['Justin Lin'],"['car race', 'sequel', 'car', 'automobile racing', 'car theft']","['Vin Diesel', 'Paul Walker', 'Dwayne Johnson', 'Jordana Brewster', 'Michelle Rodriguez']",32
1446,1446,23326,G-Force: Licencia para espiar,G-Force,"['Fantasía', 'Acción', 'Aventura', 'Familia', 'Comedia']",[],[],[],56
1482,1482,26570,Hotel Rwanda,Hotel Rwanda,"['Drama', 'Historia', 'Bélica']",['Terry George'],"['rwanda', 'refugee', 'refugee camp', 'militia', 'rwandan genocide', 'murder', 'slaughter', 'dead body', 'atrocity', 'african', 'cruelty', 'violence', 'united nations', 'death']","['Don Cheadle', 'Sophie Okonedo', 'Nick Nolte', 'Fana Mokoena', 'Joaquin Phoenix']",31
1483,1483,26696,Cómo entrenar a tu dragón,How to Train Your Dragon,"['Fantasía', 'Aventura', 'Animación', 'Familia']","['Dean DeBlois', 'Chris Sanders']","['flying', 'blacksmith', 'arena', 'island', 'night', 'ship', 'training', 'village', 'forest', 'viking', 'friendship', 'ignorance', 'flight', 'nest', 'dragon', 'battle', 'combat', 'well', 'warrior']","['Jay Baruchel', 'Gerard Butler', 'Craig Ferguson', 'America Ferrera', 'David Tennant']",48
1484,1484,26697,Cómo entrenar a tu dragón 2,How to Train Your Dragon 2,"['Fantasía', 'Acción', 'Aventura', 'Animación', 'Comedia', 'Familia']",['Dean DeBlois'],"['parent child relationship', 'wife husband relationship', 'sacrifice', 'viking', 'sequel', 'rescue', 'dragon', 'death of husband', 'warrior', '3d']","['Jay Baruchel', 'Cate Blanchett', 'Gerard Butler', 'Craig Ferguson', 'America Ferrera']",69
1485,1485,26863,El arco,활,"['Drama', 'Romance']",['Kim Ki-duk'],"['age difference', 'wife husband relationship', 'boat', 'little girl', 'south korea']","['Seo Ji-Seok', 'Jeon Kuk-hwan', 'Seong-hwang Jeon', 'Han Yeo-reum', 'Jo Seok-hyeon']",20
1486,1486,26878,Hysteria,Hysteria,"['Comedia', 'Romance']",['Tanya Wexler'],"['london england', 'hysteria', 'hospital', 'doctor', 'vibrator', 'masturbation', 'court trial', 'horny female', 'sexually empowered woman', 'treatment', 'expert witness', 'ex prostitute', 'electrical device', 'self love', 'private practice', 'duringcreditsstinger', 'woman director']","['Maggie Gyllenhaal', 'Hugh Dancy', 'Jonathan Pryce', 'Felicity Jones', 'Rupert Everett']",22
1487,1487,26909,Soy el número cuatro,I Am Number Four,"['Acción', 'Suspense', 'Ciencia ficción', 'Aventura']",['D.J. Caruso'],"['based on novel or book', 'secret identity', 'alien', 'heroism', 'teenage boy', 'town', 'super power', 'teenage hero', 'alien teenager', 'interspecies romance', 'based on young adult novel']","['Alex Pettyfer', 'Timothy Olyphant', 'Teresa Palmer', 'Dianna Agron', 'Callan McAuliffe']",53
1488,1488,26966,Con el amor no hay quien pueda,I Hate Valentine's Day,"['Comedia', 'Romance']",['Nia Vardalos'],['woman director'],"['Nia Vardalos', 'John Corbett', 'Jason Mantzoukas', 'Judah Friedlander', 'Zoe Kazan']",22
1489,1489,27001,"Te quiero, tío","I Love You, Man",['Comedia'],['John Hamburg'],"['poker', 'bondage', 'duringcreditsstinger']","['Paul Rudd', 'Jason Segel', 'Rashida Jones', 'Andy Samberg', 'J.K. Simmons']",11
1519,1519,28650,Jim: The James Foley Story,Jim: The James Foley Story,['Documental'],['Brian Oakes'],[],"['Ben Chase', 'Diane Foley', 'James Foley', 'John Foley', 'Michael D. Joseph']",14
1520,1520,28672,Jimmy Neutron: El niño inventor,Jimmy Neutron: Boy Genius,"['Acción', 'Aventura', 'Animación', 'Comedia', 'Familia', 'Fantasía', 'Ciencia ficción']",['John A. Davis'],"['showdown', 'laser gun', 'gi', 'villain', 'genius', 'alien', 'rescue', 'miniaturization', 'robot', 'battle', 'spear', 'boy genius']","['Debi Derryberry', 'Megan Cavanagh', 'Mark DeCarlo', 'Jeffrey Garcia', 'Patrick Stewart']",88
1521,1521,28682,Jindabyne,Jindabyne,"['Crimen', 'Drama', 'Misterio', 'Suspense']",['Ray Lawrence'],"['small town', 'fishing', 'male friendship', 'australia', 'marriage crisis', 'marriage', 'friendship', 'murder', 'australian aborigine', 'aboriginal', 'aborigine']","['Laura Linney', 'Gabriel Byrne', 'Deborra-Lee Furness', 'John Howard', 'Leah Purcell']",43
1522,1522,28746,jOBS,Jobs,"['Drama', 'Historia']",['Joshua Michael Stern'],"['biography', 'computer', 'based on a true story', 'apple computer', 'steve jobs', 'entrepreneur']","['Ashton Kutcher', 'Dermot Mulroney', 'Amanda Crew', 'James Woods', 'Josh Gad']",21
1523,1523,28815,John Carter,John Carter,"['Acción', 'Aventura', 'Ciencia ficción']",['Andrew Stanton'],"['based on novel or book', 'mars', 'medallion', 'space travel', 'princess', 'alien', 'steampunk', 'martian', 'escape', 'alien race', 'superhuman strength', 'martian civilization', 'sword and planet', '19th century', '3d']","['Taylor Kitsch', 'Lynn Collins', 'Samantha Morton', 'Willem Dafoe', 'Thomas Haden Church']",41
1524,1524,28861,Johnny English returns,Johnny English Reborn,"['Crimen', 'Aventura', 'Acción', 'Comedia', 'Suspense']",['Oliver Parker'],"['buddhist monk', 'cooking', 'prime minister', 'kitchen', 'secret agent', 'sequel', 'mind control', 'james bond spoof', 'incompetence', 'klutz', 'aftercreditsstinger', 'assassination attempt']","['Rowan Atkinson', 'Dominic West', 'Gillian Anderson', 'Rosamund Pike', 'Daniel Kaluuya']",55
1528,1528,29292,Juno,Juno,"['Comedia', 'Drama', 'Romance']",['Jason Reitman'],"['sexuality', 'becoming an adult', 'puberty', 'first time', 'pregnancy and birth', 'pregnant minor', 'precocity', 'partnership', 'teenager', 'teenage pregnancy']","['Ellen Page', 'Michael Cera', 'Jennifer Garner', 'Jason Bateman', 'Allison Janney']",31
1564,1564,32305,El erizo,Le hérisson,"['Comedia', 'Drama']",['Mona Achache'],"['goldfish', 'death of neighbor', 'bookcase', 'parisian girl', 'distinguished gentleman', 'insightful', 'suicidal thoughts', 'dancing in the street', 'woman director', 'child']","['Josiane Balasko', 'Garance Le Guillermic', 'Togo Igawa', 'Anne Brochet', 'Ariane Ascaride']",20
1565,1565,32340,El padre de mis hijos,Le père de mes enfants,['Drama'],['Mia Hansen-Løve'],['woman director'],"['Louis-Do de Lencquesaing', 'Chiara Caselli', 'Alice de Lencquesaing', 'Eric Elmosnino', 'Olivia Ross']",9
1566,1566,32355,El nombre (Le prénom),Le Prénom,"['Drama', 'Comedia']","['Alexandre de La Patellière', 'Matthieu Delaporte']",[],"['Patrick Bruel', 'Valérie Benguigui', 'Charles Berling', 'Guillaume de Tonquédec', 'Judith El Zein']",20
1567,1567,32361,Le Quattro Volte,Le quattro volte,['Drama'],['Michelangelo Frammartino'],"['shepherd', 'snail', 'old man', 'goat', 'birth', 'calabria italy']","['Giuseppe Fuda', 'Bruno Timpano', 'Nazareno Timpan']",9
1568,1568,32919,Arma letal 4,Lethal Weapon 4,"['Acción', 'Aventura', 'Comedia', 'Crimen', 'Suspense']",['Richard Donner'],"['lapd', 'house on fire', 'revolver']","['Mel Gibson', 'Danny Glover', 'Joe Pesci', 'Rene Russo', 'Jet Li']",55
1569,1569,32924,Cartas a Julieta,Letters to Juliet,"['Comedia', 'Drama', 'Romance']",['Gary Winick'],"['italy', 'letter', 'romantic comedy', 'american abroad', 'boyfriend girlfriend', 'italian stereotype', 'verona italy', 'quest']","['Amanda Seyfried', 'Christopher Egan', 'Gael García Bernal', 'Vanessa Redgrave', 'Franco Nero']",31
1570,1570,32988,Libertador,Libertador,"['Drama', 'Historia']",['Alberto Arvelo'],"['independence', 'biography', 'latin america']","['Edgar Ramírez', 'María Valverde', 'Iwan Rheon', 'Danny Huston', 'Imanol Arias']",21
1571,1571,33093,Como locos,Like Crazy,"['Drama', 'Romance']",['Drake Doremus'],"['chair', 'customs', 'student visa', 'parents', 'blogger']","['Anton Yelchin', 'Felicity Jones', 'Jennifer Lawrence', 'Charlie Bewley', 'Alex Kingston']",20
1610,1610,37014,Minor Details,Minor Details,"['Aventura', 'Familia', 'Misterio']",['John Lyde'],"['boarding school', 'student', 'teenager', 'aftercreditsstinger', 'high school rivalry', 'group of girls', 'poisoning']","['Kelsey Edwards', 'Caitlin E.J. Meyer', 'Danielle C. Ryan', 'Lauren Faber', 'Jennette McCurdy']",35
1612,1612,37164,Mission: Impossible,Mission: Impossible,"['Aventura', 'Acción', 'Suspense']",['Brian De Palma'],"['paris france', 'london england', 'spy', 'cia', 'terrorist', 'secret identity', 'undercover', 'arms deal', 'headquarter', 'secret base', 'secret mission', 'prague', 'embassy', 'secret agent', 'tgv', 'computer', 'mission', 'based on tv series', 'espionage', 'agent']","['Tom Cruise', 'Jon Voight', 'Henry Czerny', 'Emmanuelle Béart', 'Jean Reno']",34
1613,1613,37165,Misión: Imposible - Protocolo Fantasma,Mission: Impossible - Ghost Protocol,"['Acción', 'Suspense', 'Aventura']",['Brad Bird'],"['submarine', 'prison', 'spy', 'terrorist', 'skyscraper', 'fight', 'russia', 'secret intelligence service', 'satellite', 'dubai', 'sequel', 'mission', 'explosion', 'broken arm', 'millionaire', 'imax', 'nuclear threat', 'terrorist plot', 'spy hero', 'moscow', ""world's tallest building"", 'kremlin']","['Tom Cruise', 'Jeremy Renner', 'Simon Pegg', 'Paula Patton', 'Michael Nyqvist']",34
1614,1614,37166,Misión: Imposible - Nación secreta,Mission: Impossible - Rogue Nation,"['Acción', 'Aventura', 'Suspense']",['Christopher McQuarrie'],"['london england', 'spy', 'austria', 'europe', 'villain', 'sequel', 'mission', 'conspiracy', 'vienna opera', 'vienna']","['Tom Cruise', 'Jeremy Renner', 'Simon Pegg', 'Rebecca Ferguson', 'Ving Rhames']",34
1615,1615,37167,Misión: Imposible 2,Mission: Impossible II,"['Aventura', 'Acción', 'Suspense']",['John Woo'],"['terror', 'spain', 'cia', 'helicopter', 'secret identity', 'skyscraper', 'undercover', 'island', 'ex-lover', 'secret mission', 'dying and death', 'secret agent', 'computer', 'duel', 'lethal virus', 'violence', 'rescue team', 'agent', 'car', 'research laboratory']","['Tom Cruise', 'Dougray Scott', 'Thandie Newton', 'Richard Roxburgh', 'John Polson']",34
1616,1616,37168,Misión imposible 3,Mission: Impossible III,"['Aventura', 'Acción', 'Suspense']",['J.J. Abrams'],"['berlin, germany', 'cia', 'vatican', 'white house', 'secret identity', 'secret', 'explosive', 'mobile phone', 'map', 'traitor', 'mask', 'honeymoon', 'shanghai', 'pretended murder', 'secret mission', 'letter', 'funeral', 'covered investigation', 'to shoot dead', 'secret agent', 'video', 'stamp', 'hard drive', 'e-mail', 'decipherment', 'suitcase', 'computer', 'revenge', 'murder', 'mission', 'hospital', 'duel', 'disguise', 'celebration', 'good and bad', 'research laboratory', 'blast']","['Tom Cruise', 'Philip Seymour Hoffman', 'Ving Rhames', 'Billy Crudup', 'Michelle Monaghan']",34
1617,1617,37261,Modigliani,Modigliani,['Drama'],['Mick Davis'],"['painter', 'biography', 'romance', 'montparnasse', 'picasso']","['Andy García', 'Elsa Zylberstein', 'Omid Djalili', 'Hippolyte Girardot', 'Eva Herzigová']",9
1652,1652,40582,Junior Olsen Gang y el Secreto del oro negro,Olsenbanden jr. og det sorte gullet,"['Aventura', 'Familia']",['Arne Lindtner Næss'],"['egypt', 'oil']","['Oskar Øiestad', 'Jonas Hoff Oftebro', 'Fridtjof Tangen', 'Petter Mjøen Westlund', 'Lina Sørlie Strand']",23
1653,1653,40584,The Junior Olsen Gang Goes Submarine,Olsenbanden jr. går under vann,"['Comedia', 'Familia']",['Arne Lindtner Næss'],[],"['Aksel Støren Aschjem', 'Lars Berteig Andersen', 'Thomas Engeset', 'Jakob Schøyen Andersen', 'Julia Charlotte Geitvik']",22
1654,1654,40700,Ondine. La leyenda del mar,Ondine,"['Drama', 'Romance']",['Neil Jordan'],"['alcohol', 'mermaid', 'wedding dress', 'fishing net', 'selkie']","['Colin Farrell', 'Alicja Bachleda-Curuś', 'Dervla Kirwan', 'Alison Barry', ""Marion O'Dwyer""]",20
1655,1655,40714,One Day (Siempre el mismo día),One Day,"['Drama', 'Romance']",['Lone Scherfig'],"['based on novel or book', 'comedian', 'job', 'love', 'author', 'writer', 'divorce', 'best friends in love', 'woman director', 'missed opportunity']","['Anne Hathaway', 'Jim Sturgess', 'Tom Mison', 'Jodie Whittaker', 'Rafe Spall']",20
1656,1656,40871,Open Range,Open Range,['Western'],['Kevin Costner'],"['horse', 'beef', 'ranger']","['Kevin Costner', 'Robert Duvall', 'Michael Gambon', 'Michael Jeter', 'Diego Luna']",11
1660,1660,41462,Por encima de su cadaver,Over Her Dead Body,['Comedia'],['Jeff Lowell'],"['diary', 'romantic comedy', 'death of lover', 'spirit', 'death by accident', 'psychic', 'moving on', 'relationship sabotage']","['Eva Longoria', 'Jason Biggs', 'Lake Bell', 'Paul Rudd', 'Lindsay Sloane']",11
1661,1661,41766,Luna de papel,Paper Moon,"['Comedia', 'Crimen', 'Drama']",['Peter Bogdanovich'],"['bible', 'con man', 'carnival', 'funeral', 'great depression', 'missouri', 'friendship', 'aunt', 'kansas', 'girl', 'con', 'road movie', 'tween girl']","[""Ryan O'Neal"", ""Tatum O'Neal"", 'Madeline Kahn', 'John Hillerman', 'P.J. Johnson']",30
1695,1695,43729,Premonition (7 días),Premonition,"['Suspense', 'Drama', 'Misterio']",['Mennan Yapo'],"['deja vu', 'loss of loved one', 'dying and death', 'time travel', 'car crash']","['Sandra Bullock', 'Julian McMahon', 'Courtney Taylor Burness', 'Nia Long', 'Shyann McClure']",33
1696,1696,43790,Cuestión de Honor,Pride and Glory,"['Suspense', 'Crimen', 'Drama', 'Misterio']","[""Gavin O'Connor""]","['megacity', 'brother-in-law', 'police']","['Edward Norton', 'Jon Voight', 'Colin Farrell', 'Noah Emmerich', 'Jennifer Ehle']",43
1697,1697,43873,El príncipe de Persia: Las arenas del tiempo,Prince of Persia: The Sands of Time,"['Aventura', 'Fantasía', 'Acción', 'Romance']",['Mike Newell'],"['persia', 'sandstorm', 'brother against brother', 'armageddon', 'regent', 'based on video game']","['Jake Gyllenhaal', 'Gemma Arterton', 'Ben Kingsley', 'Alfred Molina', 'Steve Toussaint']",45
1700,1700,44223,Push,Push,"['Ciencia ficción', 'Acción']",['Paul McGuigan'],"['psychokinesis', 'mind control', 'secret government organization', 'clairvoyance', 'hong kong']","['Chris Evans', 'Dakota Fanning', 'Camilla Belle', 'Djimon Hounsou', 'Maggie Siff']",29
1703,1703,44638,La montaña embrujada,Race to Witch Mountain,"['Aventura', 'Familia', 'Fantasía', 'Ciencia ficción', 'Suspense', 'Acción']",['Andy Fickman'],"['mountain', 'spacecraft', 'laser', 'teleportation', 'supernatural powers', 'telekinesis', 'alien', 'military', 'duringcreditsstinger']","['Dwayne Johnson', 'AnnaSophia Robb', 'Alexander Ludwig', 'Carla Gugino', 'Chris Marquette']",76
1704,1704,44706,Indiana Jones: En busca del arca perdida,Raiders of the Lost Ark,"['Aventura', 'Acción']",['Steven Spielberg'],"['saving the world', 'riddle', 'nepal', 'himalaya', 'cairo', 'moses', 'egypt', 'whip', 'treasure', 'medallion', 'leather jacket', 'nazi', 'hat', 'mediterranean', 'ark of the covenant', 'ten commandments', 'treasure hunt', 'excavation', 'swastika', 'archaeologist', 'archeology\xa0', 'religious history', '1930s']","['Harrison Ford', 'Karen Allen', 'Paul Freeman', 'John Rhys-Davies', 'Ronald Lacey']",22
1707,1707,44807,Rango,Rango,"['Animación', 'Comedia', 'Familia', 'Western', 'Aventura']",['Gore Verbinski'],"['sheriff', 'nevada', 'hero', 'pet', 'dystopia', 'lizard', 'outlaw', 'western', 'chameleon', 'construction site', 'armadillo', 'disillusionment', 'desert', '3d']","['Johnny Depp', 'Isla Fisher', 'Ned Beatty', 'Bill Nighy', 'Alfred Molina']",58
1737,1737,46806,Hercules Saves Christmas,Hercules Saves Christmas,['Familia'],['Edward Hightower'],['christmas'],"['Luigi Francis Shorty Rossi', 'George Maguire', 'Mackenzie Phillips', 'Marc McClure', 'Anthony Robinson']",11
1738,1738,46934,Savage Grace,Savage Grace,['Drama'],['Tom Kalin'],"['mother', 'sex', 'adultery', 'scandal', 'son', 'love', 'murder', 'true', 'teenager', 'gay man', 'incest', 'socialite']","['Julianne Moore', 'Stephen Dillane', 'Eddie Redmayne', 'Anne Reid', 'Elena Anaya']",9
1739,1739,46967,Al encuentro de Mr. Banks,Saving Mr. Banks,"['Comedia', 'Drama', 'Historia']",['John Lee Hancock'],"['biography', 'animation', 'writer', 'film production']","['Emma Thompson', 'Tom Hanks', 'Paul Giamatti', 'Colin Farrell', 'Ruth Wilson']",32
1740,1740,47046,Sleeping Sickness,Schlafkrankheit,['Drama'],['Ulrich Köhler'],[],"['Pierre Bokma', 'Jean-Christophe Folly', 'Jenny Schily', 'Hippolyte Girardot', 'Maria Elise Miller']",9
1742,1742,47206,Seven,Se7en,"['Crimen', 'Misterio', 'Suspense']",['David Fincher'],"['self-fulfilling prophecy', 'detective', 's.w.a.t.', 'drug dealer', 'evisceration', 'lust and impulsiveness', 'rage and hate', 'pride and vanity', 'immoderateness', 'insomnia', 'investigation', 'pension', 'police', 'serial killer']","['Brad Pitt', 'Morgan Freeman', 'Gwyneth Paltrow', 'John C. McGinley', 'Kevin Spacey']",34
1743,1743,47227,En busca de Bobby Fischer,Searching for Bobby Fischer,['Drama'],['Steven Zaillian'],"['chess', 'hustler', 'child prodigy', 'new york city']","['Max Pomeranc', 'Joe Mantegna', 'Joan Allen', 'Ben Kingsley', 'Laurence Fishburne']",9
1744,1744,47228,Buscando a Sugar Man,Searching for Sugar Man,"['Documental', 'Música']",['Malik Bendjelloul'],"['1970s', 'mayor', 'south africa', 'musician', 'icon', 'music business', 'election', 'detroit', 'reading', 'recording', 'city council', 'music tour']","['Dennis Coffey', 'Rodriguez', 'Stephen Segerman', 'Mike Theodore', 'Regan Rodriguez']",24
1745,1745,47289,Secretariat,Secretariat,['Drama'],['Randall Wallace'],"['horse race', 'horseback riding', 'biography']","['Diane Lane', 'John Malkovich', 'Scott Glenn', 'Dylan Walsh', 'Fred Dalton Thompson']",9
1746,1746,47291,Secretary,Secretary,"['Comedia', 'Drama', 'Romance']",['Steven Shainberg'],"['suicide', 'clerk', 'fetish', 'sadomasochism', 'lawyer', 'hospital', 'secretary', 'masturbation', 'typewriter', 'kinky', 'cutting', 'pantyhose', 'bdsm', 'workplace romance']","['James Spader', 'Maggie Gyllenhaal', 'Jeremy Davies', 'Lesley Ann Warren', 'Stephen McHattie']",31
1774,1774,49884,Spy Kids,Spy Kids,"['Acción', 'Comedia', 'Familia', 'Aventura']",['Robert Rodriguez'],"['sibling relationship', 'loss of loved one', 'double life', 'parent child relationship', 'secret agent', 'latinx lead', 'robot']","['Alexa PenaVega', 'Daryl Sabara', 'Antonio Banderas', 'Carla Gugino', 'Alan Cumming']",44
1776,1776,49985,Star Trek,Star Trek,"['Ciencia ficción', 'Acción', 'Aventura']",['J.J. Abrams'],"['spacecraft', 'teleportation', 'space mission', 'parachute', 'time travel', 'black hole', 'supernova', 'prequel', 'warp speed', 'futuristic', 'warp engine', 'romulans', 'outer space', 'vulcan', 'alternate reality', 'space opera', 'reboot']","['Chris Pine', 'Zachary Quinto', 'Leonard Nimoy', 'Eric Bana', 'Bruce Greenwood']",41
1777,1777,49997,Star Trek II: La ira de Khan,Star Trek II: The Wrath of Khan,"['Acción', 'Aventura', 'Ciencia ficción', 'Suspense']",['Nicholas Meyer'],"['uss enterprise', 'genesis', 'asteroid', 'self sacrifice', 'midlife crisis', 'terraforming', 'simulator', 'cadet', 'radiation', 'uss reliant', 'ceti alpha v', 'genetics', 'space opera']","['William Shatner', 'Leonard Nimoy', 'DeForest Kelley', 'Ricardo Montalban', 'Kirstie Alley']",53
1778,1778,50241,Alex Rider: Operación Stormbreaker,Stormbreaker,"['Aventura', 'Acción', 'Familia']",['Geoffrey Sax'],"['england', 'based on novel or book', 'secret intelligence service', 'child hero', 'wretch', 'teen spy', 'based on young adult novel']","['Alex Pettyfer', 'Sarah Bolger', 'Ewan McGregor', 'Robbie Coltrane', 'Stephen Fry']",33
1779,1779,50430,Historias de Manhattan,Suburban Girl,"['Comedia', 'Drama', 'Romance']",['Marc Klein'],"['new york', 'library', 'sibling relationship', 'loss of loved one', 'jazz', 'seduction', 'surprise', 'advice', 'deception', 'gift', 'female protagonist']","['Sarah Michelle Gellar', 'Alec Baldwin', 'Maggie Grace', 'James Naughton', 'Chris Carmack']",31
1780,1780,50566,El crepúsculo de los dioses,Sunset Boulevard,['Drama'],['Billy Wilder'],"[""new year's eve"", 'screenwriter', 'jealousy', 'butler', 'loss of sense of reality', 'diva', 'hollywood', 'madness', 'aging actor', 'silent film star', 'film noir']","['William Holden', 'Gloria Swanson', 'Erich von Stroheim', 'Nancy Olson', 'Fred Clark']",9
1781,1781,50580,Super 8,Super 8,"['Suspense', 'Ciencia ficción', 'Misterio']",['J.J. Abrams'],"['1970s', 'secret', 'alien', 'train crash', 'pistol', 'firecracker', 'duringcreditsstinger']","['Joel Courtney', 'Elle Fanning', 'Riley Griffiths', 'Kyle Chandler', 'Ryan Lee']",43
1783,1783,50812,Witnesses,Svjedoci,"['Drama', 'Bélica']",['Vinko Brešan'],[],"['Leon Lučev', 'Alma Prica', 'Mirjana Karanović', 'Dražen Kuhn', 'Krešimir Mikić']",19
1784,1784,50835,Acordes y desacuerdos,Sweet and Lowdown,"['Comedia', 'Drama', 'Música']",['Woody Allen'],"['new york', 'guitar', 'jazz', 'night life', 'egocentrism', 'jazz musician', 'independent film', 'pretty woman']","['Sean Penn', 'Samantha Morton', 'Anthony LaPaglia', 'Uma Thurman', 'James Urbaniak']",30
1811,1811,52877,Infiltrados,The Departed,"['Drama', 'Suspense', 'Crimen']",['Martin Scorsese'],"['undercover', 'boston', 'police', 'friends', 'remake', 'mafia', 'undercover cop', 'mobster', 'mole', 'state police', 'police training', 'realtor']","['Leonardo DiCaprio', 'Matt Damon', 'Jack Nicholson', 'Mark Wahlberg', 'Martin Sheen']",31
1812,1812,52892,Atajo a la felicidad,Shortcut to Happiness,"['Fantasía', 'Drama', 'Comedia', 'Ciencia ficción']",['Alec Baldwin'],[],"['Anthony Hopkins', 'Alec Baldwin', 'Jennifer Love Hewitt', 'Ken Murton', 'Dan Aykroyd']",51
1813,1813,52985,La puerta,Az ajtó,['Drama'],['István Szabó'],[],"['Helen Mirren', 'Martina Gedeck', 'Károly Eperjes', 'Gábor Koncz', 'Enikő Börcsök']",9
1814,1814,53002,La sombra de la traición,The Double,"['Acción', 'Drama', 'Crimen']",['Michael Brandt'],['double agent'],"['Stephen Moyer', 'Topher Grace', 'Richard Gere', 'Stana Katic', 'Martin Sheen']",29
1815,1815,53025,La duquesa,The Duchess,"['Drama', 'Historia', 'Romance']",['Saul Dibb'],"['england', 'adultery', 'duke', 'gambling debts', 'marriage crisis', '18th century']","['Keira Knightley', 'Ralph Fiennes', 'Charlotte Rampling', 'Dominic Cooper', 'Hayley Atwell']",32
1816,1816,53189,A todo gas: Tokyo Race,The Fast and the Furious: Tokyo Drift,"['Acción', 'Crimen', 'Drama', 'Suspense']",['Justin Lin'],"['car race', 'car journey', 'car mechanic', 'car garage', 'auto-tuning', 'drifting', 'car', 'automobile racing']","['Lucas Black', 'Nathalie Kelley', 'Sung Kang', 'Shad Moss', 'Brian Tee']",41
1817,1817,53195,Bajo la misma estrella,The Fault in Our Stars,"['Romance', 'Drama']",['Josh Boone'],"['amsterdam', 'based on novel or book', 'support group', 'cancer', 'teenager', 'star crossed lovers', 'teen drama', 'oxygen tank', 'based on young adult novel']","['Shailene Woodley', 'Ansel Elgort', 'Nat Wolff', 'Laura Dern', 'Sam Trammell']",20
1818,1818,53251,Eternamente comprometidos,The Five-Year Engagement,"['Romance', 'Comedia']",['Nicholas Stoller'],"['sex', 'san francisco', 'restaurant', 'frustration', 'chase', 'offer', 'engagement', 'love', 'psychologist', 'wedding', 'proposal', 'chef', 'ceremony', 'englishwoman', 'ring', 'unemployed']","['Jason Segel', 'Emily Blunt', 'Chris Pratt', 'Alison Brie', 'Rhys Ifans']",22
1849,1849,54254,La leyenda de Sarila,The Legend of Sarila,"['Familia', 'Animación', 'Aventura']",['Nancy Florence Savard'],"['inuit', 'explorer', 'woman director', 'starvation', 'clans']","['Christopher Plummer', 'Rachelle Lefevre', 'Dustin Milligan', 'Tim Rozon', 'Geneviève Bujold']",36
1850,1850,54275,El bibliotecario: El mapa del rey Salomón,The Librarian: Return to King Solomon's Mines,"['Fantasía', 'Acción', 'Aventura']",['Jonathan Frakes'],"['incantation', 'treasure hunt', 'treasure map', 'miniseries', 'scientist', 'archaeologist']","['Noah Wyle', 'Gabrielle Anwar', 'Bob Newhart', 'Jane Curtin', 'Olympia Dukakis']",34
1851,1851,54276,El bibliotecario: La maldición del cáliz de Judas,The Librarian: The Curse of the Judas Chalice,"['Fantasía', 'Acción', 'Aventura', 'Comedia']",['Jonathan Frakes'],"['mythology', 'new orleans', 'vampire', 'treasure hunt', 'judas']","['Noah Wyle', 'Bob Newhart', 'Stana Katic', 'Bruce Davison', 'Jane Curtin']",45
1852,1852,54299,El inocente,The Lincoln Lawyer,"['Crimen', 'Drama', 'Suspense']",['Brad Furman'],"['upper class', 'prostitute', 'based on novel or book', 'judge', 'homicide', 'arrest', 'video surveillance', 'jury', 'lawyer', 'private investigator', 'crime scene', 'courtroom', 'beverly hills', 'bail hearing']","['Matthew McConaughey', 'Marisa Tomei', 'Ryan Phillippe', 'William H. Macy', 'Josh Lucas']",31
1888,1888,55781,El aprendiz de brujo,The Sorcerer's Apprentice,"['Fantasía', 'Aventura', 'Acción', 'Comedia', 'Drama']",['Jon Turteltaub'],"['witch', 'fire', 'wolf', 'fountain', 'magic', 'book', 'castle', 'water', 'apprentice', 'training', 'merlin', 'love', 'mission', 'sorcerer', 'dragon', 'aftercreditsstinger', 'apprendista', 'morgana']","['Nicolas Cage', 'Jay Baruchel', 'Monica Bellucci', 'Alfred Molina', 'Teresa Palmer']",54
1889,1889,55785,Sonrisas y lágrimas,The Sound of Music,"['Drama', 'Familia', 'Música', 'Romance']",['Robert Wise'],"['resistance', 'austria', 'world war ii', 'musical', 'music competition', 'salzburg', 'based on play or musical', 'classic', 'alps', 'governess', 'convent', 'music contest', 'novice', 'puppet show', 'nun in love', 'nazi occupation', '1930s']","['Julie Andrews', 'Christopher Plummer', 'Bill Lee', 'Eleanor Parker', 'Richard Haydn']",41
1929,1929,57773,Treasure Island Kids: The Mystery of Treasure Island,Treasure Island Kids: The Mystery of Treasure Island,"['Aventura', 'Familia']",['Michael Hurst'],[],"['Nicko Vella', 'John Callen']",23
1931,1931,58355,Crepúsculo,Twilight,"['Fantasía', 'Drama', 'Romance']",['Catherine Hardwicke'],"['soulmates', 'based on novel or book', 'vampire', 'forbidden love', 'immortality', 'trust', 'desire', 'duringcreditsstinger', 'woman director', 'interspecies romance', 'based on young adult novel']","['Kristen Stewart', 'Robert Pattinson', 'Billy Burke', 'Taylor Lautner', 'Peter Facinelli']",32
2005,2005,70910,Noticias de la familia Mars,Des nouvelles de la planète mars,['Comedia'],['Dominik Moll'],[],"['François Damiens', 'Vincent Macaigne', 'Veerle Baetens', 'Jeanne Guittet', 'Tom Rivoire']",11
2006,2006,70976,Verano en Brooklyn,Little Men,['Drama'],['Ira Sachs'],"['best friend', 'new york city', 'brooklyn, new york city', 'landlord tenant relationship', 'dress shop', 'past due rent']","['Greg Kinnear', 'Theo Taplitz', 'Michael Barbieri', 'Paulina García', 'Jennifer Ehle']",9
2069,2069,84368,El Castillo de Cristal,The Glass Castle,['Drama'],['Destin Cretton'],"['dysfunctional family', 'based on memoir or autobiography', 'father daughter relationship']","['Brie Larson', 'Woody Harrelson', 'Naomi Watts', 'Max Greenfield', 'Sarah Snook']",9
2070,2070,84676,Casa casino,The House,['Comedia'],[],"['casino', 'neighbor', 'money']",[],11
2115,2115,88527,Saw VIII (Jigsaw),Jigsaw,"['Crimen', 'Terror', 'Misterio', 'Suspense']","['Michael Spierig', 'Peter Spierig']","['sequel', 'gore', 'blood', 'torture', 'death', 'abduction']","['Matt Passmore', 'Tobin Bell', 'Callum Keith Rennie', 'Hannah Anderson', 'Laura Vandervoort']",44
2184,2184,91171,(Marvel) Pantera negra,Black Panther,"['Acción', 'Aventura', 'Fantasía', 'Ciencia ficción']",[],[],[],53
2251,2251,92517,Más Fuerte que el Destino,Stronger,['Drama'],['David Gordon Green'],"['based on novel or book', 'boston', 'rehabilitation', 'wheelchair', 'based on a true story', 'hospital', 'explosion', 'bombing', 'pregnancy test', 'terrorist bombing', 'boston marathon', 'loss of legs']","['Jake Gyllenhaal', 'Tatiana Maslany', 'Miranda Richardson', 'Clancy Brown', 'Frankie Shaw']",9
2252,2252,92556,Lone Star,Lone Star,"['Drama', 'Misterio', 'Romance']",['John Sayles'],"['sheriff', 'texas', 'family secret', 'neo-western', 'dark secrets']","['Chris Cooper', 'Matthew McConaughey', 'Elizabeth Peña', 'Kris Kristofferson', 'Joe Morton']",32
2253,2253,92562,Ingrid Goes West,Ingrid Goes West,"['Drama', 'Comedia']",['Matt Spicer'],"['women', 'suicide attempt', 'obsession', 'based on comic', 'obsessed fan', 'mental illness', 'social media', 'personality disorder', 'instagram', 'hashtag', 'dependent personality disorder']","['Aubrey Plaza', 'Elizabeth Olsen', ""O'Shea Jackson Jr."", 'Wyatt Russell', 'Billy Magnussen']",20
